type,is_pyramid,units,entry_date,entry_price,exit_date,exit_price,stop_price,pnl_points,mae_points,atr_at_exit,holding_hours,exit_reason,trade_id
Long,False,1.0,2025-01-09 00:00:00,2665.73,2025-01-09 04:00:00,2658.41,2633.02,-7.54,-16.26,12.55,0,Signal Exit,1
Long,False,1.0,2025-01-09 08:00:00,2662.61,2025-01-09 12:00:00,2659.44,2638.97,-3.39,-6.25,10.34,0,Signal Exit,2
Long,False,1.0,2025-01-09 16:00:00,2662.27,2025-01-10 00:00:00,2668.35,2644.13,5.36,-1.91,11.29,24,Signal Exit,3
Long,False,1.0,2025-01-10 04:00:00,2670.14,2025-01-10 08:00:00,2670.19,2651.18,-0.17,-1.64,10.0,0,Signal Exit,4
Long,False,1.0,2025-01-10 12:00:00,2673.72,2025-01-11 04:00:00,2685.81,2652.09,11.37,-9.84,12.2,24,Signal Exit,5
Long,False,1.0,2025-01-13 04:00:00,2688.79,2025-01-13 12:00:00,2687.88,2673.06,-1.13,-9.54,10.85,0,Signal Exit,6
Long,False,1.0,2025-01-14 08:00:00,2667.92,2025-01-14 16:00:00,2669.51,2647.05,1.37,-1.62,11.84,0,Signal Exit,7
Long,False,1.0,2025-01-15 00:00:00,2671.69,2025-01-16 00:00:00,2678.65,2664.17,6.24,-5.09,10.82,24,Signal Exit,8
Long,True,1.4999999999999998,2025-01-15 08:00:00,2675.53,2025-01-16 00:00:00,2678.65,2664.17,3.6,-9.4,10.82,24,Signal Exit,9
Long,False,1.0,2025-01-16 04:00:00,2694.13,2025-01-17 04:00:00,2715.22,2685.62,20.37,-4.33,11.47,24,Signal Exit,10
Long,True,1.4999999999999998,2025-01-16 08:00:00,2694.98,2025-01-17 04:00:00,2715.22,2685.62,29.28,-7.77,11.47,24,Signal Exit,11
Long,False,1.0,2025-01-17 12:00:00,2715.36,2025-01-17 16:00:00,2710.44,2699.12,-5.14,-6.93,10.73,0,Signal Exit,12
Long,False,1.0,2025-01-18 00:00:00,2714.22,2025-01-18 04:00:00,2703.11,2691.44,-11.33,-11.54,11.64,0,Signal Exit,13
Long,False,1.0,2025-01-20 12:00:00,2703.38,2025-01-21 00:00:00,2707.06,2678.42,2.96,-1.79,10.8,24,Signal Exit,14
Long,True,1.4000000000000001,2025-01-20 16:00:00,2703.53,2025-01-21 00:00:00,2707.06,2678.28,3.93,-2.72,10.8,24,Signal Exit,15
Long,False,1.0,2025-01-21 08:00:00,2710.33,2025-01-21 20:00:00,2724.07,2691.76,13.52,-7.38,11.59,0,Signal Exit,16
Long,True,1.4000000000000001,2025-01-21 12:00:00,2724.23,2025-01-21 20:00:00,2724.07,2691.76,-0.53,-11.16,11.59,0,Signal Exit,17
Long,False,1.0,2025-01-22 00:00:00,2738.88,2025-01-22 16:00:00,2748.74,2728.33,9.64,-1.11,11.56,0,Signal Exit,18
Long,True,1.3,2025-01-22 04:00:00,2742.64,2025-01-22 16:00:00,2748.74,2728.33,7.64,-3.67,11.56,0,Signal Exit,19
Long,False,1.0,2025-01-22 20:00:00,2756.39,2025-01-23 04:00:00,2755.35,2733.62,-1.76,-5.96,11.36,24,Signal Exit,20
Long,True,2.5,2025-01-23 00:00:00,2759.25,2025-01-23 04:00:00,2755.35,2735.17,-10.3,-10.92,11.36,0,Signal Exit,21
Long,False,1.0,2025-01-23 16:00:00,2752.73,2025-01-23 20:00:00,2751.92,2738.65,-1.03,-11.8,10.09,0,Signal Exit,22
Long,False,1.0,2025-01-24 04:00:00,2754.07,2025-01-25 00:00:00,2775.9,2740.68,21.11,-2.64,10.91,24,Signal Exit,23
Long,True,2.5,2025-01-24 08:00:00,2754.52,2025-01-25 00:00:00,2775.9,2740.68,51.65,-0.75,10.91,24,Signal Exit,24
Long,False,1.0,2025-01-27 20:00:00,2771.34,2025-01-28 00:00:00,2741.98,2734.53,-30.08,-32.03,14.11,24,Signal Exit,25
Long,False,1.0,2025-01-29 04:00:00,2764.8,2025-01-29 08:00:00,2762.7,2728.56,-2.32,-2.51,12.36,0,Signal Exit,26
Long,False,1.0,2025-01-29 20:00:00,2759.01,2025-01-30 00:00:00,2754.17,2745.34,-5.56,-10.81,11.51,24,Signal Exit,27
Long,False,1.0,2025-01-30 08:00:00,2760.28,2025-01-31 04:00:00,2793.47,2758.32,32.47,-1.51,9.88,24,Signal Exit,28
Long,False,1.0,2025-01-31 08:00:00,2796.3,2025-02-01 04:00:00,2796.19,2780.19,-0.83,-5.46,11.48,24,Signal Exit,29
Long,True,2.5,2025-01-31 12:00:00,2796.33,2025-02-01 04:00:00,2796.19,2780.19,-2.15,-13.72,11.48,24,Signal Exit,30
Long,False,1.0,2025-02-03 04:00:00,2802.07,2025-02-03 08:00:00,2793.17,2783.12,-9.12,-18.07,12.35,0,Signal Exit,31
Long,False,1.0,2025-02-03 16:00:00,2789.27,2025-02-04 08:00:00,2813.93,2770.79,23.94,-2.29,15.48,24,Signal Exit,32
Long,True,1.0,2025-02-03 20:00:00,2801.35,2025-02-04 08:00:00,2813.93,2770.79,11.86,-0.93,15.48,24,Signal Exit,33
Long,False,1.0,2025-02-04 12:00:00,2821.38,2025-02-04 16:00:00,2812.64,2795.95,-8.96,-14.16,16.33,0,Signal Exit,34
Long,False,1.0,2025-02-04 20:00:00,2815.32,2025-02-05 08:00:00,2841.48,2792.15,25.44,-0.87,16.52,24,Signal Exit,35
Long,True,0.7999999999999999,2025-02-05 00:00:00,2835.81,2025-02-05 08:00:00,2841.48,2792.15,4.36,-2.49,16.52,0,Signal Exit,36
Long,False,1.0,2025-02-05 12:00:00,2852.34,2025-02-06 04:00:00,2863.62,2843.07,10.56,-0.63,15.63,24,Signal Exit,37
Long,True,2.0,2025-02-05 16:00:00,2864.05,2025-02-06 04:00:00,2863.62,2843.07,-2.3,-10.88,15.63,24,Signal Exit,38
Long,False,1.0,2025-02-06 08:00:00,2869.41,2025-02-06 12:00:00,2869.36,2845.59,-0.27,-5.63,14.06,0,Signal Exit,39
Long,False,1.0,2025-02-06 20:00:00,2865.87,2025-02-07 00:00:00,2850.64,2833.56,-15.95,-31.91,16.78,24,Signal Exit,40
Long,False,1.0,2025-02-07 04:00:00,2853.9,2025-02-07 16:00:00,2864.11,2839.12,9.99,-0.18,15.07,0,Signal Exit,41
Long,False,1.0,2025-02-07 20:00:00,2867.65,2025-02-08 04:00:00,2860.18,2836.04,-8.19,-15.48,17.19,24,Signal Exit,42
Long,False,1.0,2025-02-10 04:00:00,2855.81,2025-02-11 04:00:00,2904.27,2876.21,47.74,-0.11,14.37,24,Signal Exit,43
Long,True,2.0,2025-02-10 08:00:00,2867.54,2025-02-11 04:00:00,2904.27,2876.21,72.02,-4.18,14.37,24,Signal Exit,44
Long,False,1.0,2025-02-11 08:00:00,2917.88,2025-02-11 16:00:00,2913.21,2881.23,-4.89,-12.54,18.21,0,Signal Exit,45
Long,False,1.0,2025-02-12 00:00:00,2904.77,2025-02-12 04:00:00,2900.19,2861.68,-4.8,-5.19,17.83,0,Signal Exit,46
Long,False,1.0,2025-02-12 16:00:00,2892.89,2025-02-12 20:00:00,2879.74,2866.39,-13.37,-13.9,17.19,0,Signal Exit,47
Long,False,1.0,2025-02-13 00:00:00,2894.73,2025-02-13 16:00:00,2914.59,2877.26,19.64,-2.88,17.56,0,Signal Exit,48
Long,True,1.7,2025-02-13 04:00:00,2897.84,2025-02-13 16:00:00,2914.59,2877.26,28.1,-4.1,17.56,0,Signal Exit,49
Long,False,1.0,2025-02-13 20:00:00,2917.96,2025-02-14 12:00:00,2924.5,2898.87,5.82,-12.23,14.08,24,Signal Exit,50
Long,True,2.0999999999999996,2025-02-14 00:00:00,2920.24,2025-02-14 12:00:00,2924.5,2898.87,8.48,-15.56,14.08,0,Signal Exit,51
Long,False,1.0,2025-02-14 16:00:00,2931.87,2025-02-14 20:00:00,2931.04,2908.65,-1.05,-2.63,14.17,0,Signal Exit,52
Long,False,1.0,2025-02-18 12:00:00,2909.05,2025-02-19 08:00:00,2933.94,2898.96,24.17,-2.0,11.72,24,Signal Exit,53
Long,True,1.0,2025-02-18 16:00:00,2911.53,2025-02-19 08:00:00,2933.94,2898.96,21.69,-4.48,11.72,24,Signal Exit,54
Long,False,1.0,2025-02-19 16:00:00,2934.21,2025-02-20 00:00:00,2925.7,2912.23,-9.23,-8.55,10.8,24,Signal Exit,55
Long,True,2.5,2025-02-19 20:00:00,2935.03,2025-02-20 00:00:00,2925.7,2915.58,-25.13,-23.43,10.8,24,Signal Exit,56
Long,False,1.0,2025-02-20 04:00:00,2931.64,2025-02-20 20:00:00,2948.89,2921.81,17.03,-0.22,11.25,0,Signal Exit,57
Long,False,1.0,2025-02-21 08:00:00,2941.59,2025-02-21 12:00:00,2931.2,2921.3,-10.61,-15.42,13.06,0,Signal Exit,58
Long,False,1.0,2025-02-22 00:00:00,2928.6,2025-02-25 00:00:00,2936.47,2920.37,6.15,-7.53,15.66,72,Signal Exit,59
Long,True,1.0999999999999999,2025-02-22 04:00:00,2933.28,2025-02-25 00:00:00,2936.47,2920.37,1.62,-13.43,15.66,72,Signal Exit,60
Long,False,1.0,2025-02-25 04:00:00,2949.14,2025-02-25 12:00:00,2939.56,2922.2,-9.8,-11.65,14.74,0,Signal Exit,61
Long,False,1.0,2025-02-25 20:00:00,2938.77,2025-02-26 00:00:00,2905.87,2915.32,-34.41,-38.38,15.82,24,Stop Loss Exit,62
Long,False,1.0,2025-03-04 08:00:00,2890.87,2025-03-04 12:00:00,2888.61,2862.58,-2.48,-9.0,16.05,0,Signal Exit,63
Long,False,1.0,2025-03-04 16:00:00,2899.79,2025-03-05 00:00:00,2906.04,2867.46,5.53,-3.13,17.76,24,Signal Exit,64
Long,False,1.0,2025-03-05 04:00:00,2916.03,2025-03-05 08:00:00,2914.5,2883.78,-1.75,-2.77,15.72,0,Signal Exit,65
Long,False,1.0,2025-03-05 16:00:00,2918.1,2025-03-05 20:00:00,2913.32,2886.08,-5.0,-9.26,15.74,0,Signal Exit,66
Long,False,1.0,2025-03-06 00:00:00,2917.12,2025-03-06 08:00:00,2918.11,2877.03,0.77,-5.98,16.3,0,Signal Exit,67
Long,False,1.0,2025-03-06 12:00:00,2921.27,2025-03-06 16:00:00,2910.06,2899.6,-11.43,-11.47,15.88,0,Signal Exit,68
Long,False,1.0,2025-03-07 00:00:00,2914.56,2025-03-07 04:00:00,2913.88,2874.05,-0.9,-2.58,15.85,0,Signal Exit,69
Long,False,1.0,2025-03-07 16:00:00,2917.04,2025-03-08 00:00:00,2915.81,2890.44,-1.95,-13.39,15.31,24,Signal Exit,70
Long,False,1.0,2025-03-10 04:00:00,2911.56,2025-03-10 12:00:00,2911.02,2891.56,-0.76,-3.49,13.44,0,Signal Exit,71
Long,False,1.0,2025-03-11 20:00:00,2913.51,2025-03-12 08:00:00,2915.49,2885.5,1.26,-6.84,12.72,24,Signal Exit,72
Long,False,1.0,2025-03-12 20:00:00,2915.29,2025-03-13 16:00:00,2935.31,2918.58,19.3,-9.37,12.67,24,Signal Exit,73
Long,True,2.1999999999999997,2025-03-13 00:00:00,2928.67,2025-03-13 16:00:00,2935.31,2918.58,14.12,-1.87,12.67,0,Signal Exit,74
Long,False,1.0,2025-03-13 20:00:00,2946.15,2025-03-14 16:00:00,2986.9,2967.61,40.03,-7.28,14.18,24,Signal Exit,75
Long,True,2.1999999999999997,2025-03-14 00:00:00,2978.05,2025-03-14 16:00:00,2986.9,2967.61,18.99,-3.61,14.18,0,Signal Exit,76
Long,False,1.0,2025-03-14 20:00:00,2993.46,2025-03-15 00:00:00,2984.64,2965.84,-9.54,-15.21,15.56,24,Signal Exit,77
Long,False,1.0,2025-03-17 04:00:00,2984.59,2025-03-17 12:00:00,2986.95,2967.8,2.14,-0.72,13.84,0,Signal Exit,78
Long,True,2.3,2025-03-17 08:00:00,2990.05,2025-03-17 12:00:00,2986.95,2967.8,-7.64,-10.6,13.84,0,Signal Exit,79
Long,False,1.0,2025-03-17 20:00:00,2997.53,2025-03-18 00:00:00,2997.18,2968.27,-1.07,-12.86,14.13,24,Signal Exit,80
Long,False,1.0,2025-03-18 04:00:00,3000.08,2025-03-18 08:00:00,2999.61,2972.79,-0.69,-0.69,11.47,0,Signal Exit,81
Long,False,1.0,2025-03-18 12:00:00,3011.37,2025-03-19 08:00:00,3031.59,3004.74,19.5,-5.18,10.48,24,Signal Exit,82
Long,True,2.5,2025-03-18 16:00:00,3016.52,2025-03-19 08:00:00,3031.59,3004.74,35.88,-0.3,10.48,24,Signal Exit,83
Long,False,1.0,2025-03-19 12:00:00,3036.22,2025-03-19 16:00:00,3035.99,3016.51,-0.45,-2.06,10.88,0,Signal Exit,84
Long,False,1.0,2025-03-19 20:00:00,3038.97,2025-03-20 00:00:00,3031.47,3010.91,-8.22,-13.28,12.07,24,Signal Exit,85
Long,False,1.0,2025-03-20 04:00:00,3047.93,2025-03-20 12:00:00,3049.91,3013.31,1.76,-3.66,11.97,0,Signal Exit,86
Long,True,2.5,2025-03-20 08:00:00,3050.16,2025-03-20 12:00:00,3049.91,3017.52,-1.17,-13.08,11.97,0,Signal Exit,87
Long,False,1.0,2025-03-21 00:00:00,3040.63,2025-03-21 12:00:00,3030.45,3021.48,-10.4,-10.63,13.02,0,Signal Exit,88
Long,True,2.4,2025-03-21 04:00:00,3044.63,2025-03-21 12:00:00,3030.45,3021.48,-34.56,-35.11,13.02,0,Signal Exit,89
Long,False,1.0,2025-03-21 16:00:00,3032.09,2025-03-22 00:00:00,3010.97,3008.1,-21.84,-32.98,15.47,24,Signal Exit,90
Long,False,1.0,2025-03-26 16:00:00,3030.36,2025-03-26 20:00:00,3027.55,3000.4,-3.03,-13.4,12.89,0,Signal Exit,91
Long,False,1.0,2025-03-27 12:00:00,3033.44,2025-03-28 00:00:00,3052.21,3013.96,18.05,-6.76,13.85,24,Signal Exit,92
Long,False,1.0,2025-03-28 04:00:00,3057.41,2025-03-28 08:00:00,3055.55,3019.86,-2.08,-3.26,12.16,0,Signal Exit,93
Long,False,1.0,2025-03-28 12:00:00,3075.13,2025-03-28 20:00:00,3076.32,3041.03,0.97,-9.32,14.25,0,Signal Exit,94
Long,True,1.0999999999999999,2025-03-28 16:00:00,3079.39,2025-03-28 20:00:00,3076.32,3041.03,-3.62,-14.94,14.25,0,Signal Exit,95
Long,False,1.0,2025-03-29 00:00:00,3083.78,2025-03-29 04:00:00,3080.71,3051.44,-3.29,-10.27,14.24,0,Signal Exit,96
Long,False,1.0,2025-03-31 04:00:00,3087.9,2025-03-31 20:00:00,3119.56,3059.96,31.44,-11.22,16.98,0,Signal Exit,97
Long,True,1.0999999999999999,2025-03-31 08:00:00,3089.22,2025-03-31 20:00:00,3119.56,3059.96,33.13,-13.79,16.98,0,Signal Exit,98
Long,False,1.0,2025-04-01 04:00:00,3124.33,2025-04-01 08:00:00,3120.51,3083.35,-4.04,-4.43,16.14,0,Signal Exit,99
Long,False,1.0,2025-04-01 12:00:00,3145.83,2025-04-01 16:00:00,3127.58,3102.08,-18.47,-21.84,17.98,0,Signal Exit,100
Long,False,1.0,2025-04-01 20:00:00,3130.43,2025-04-02 00:00:00,3113.7,3106.07,-17.45,-16.95,18.5,24,Signal Exit,101
Long,False,1.0,2025-04-02 04:00:00,3118.65,2025-04-02 08:00:00,3115.15,3082.36,-3.72,-10.97,18.41,0,Signal Exit,102
Long,False,1.0,2025-04-02 12:00:00,3125.69,2025-04-02 16:00:00,3125.06,3088.02,-0.85,-15.9,19.91,0,Signal Exit,103
Long,False,1.0,2025-04-03 00:00:00,3125.82,2025-04-03 04:00:00,3124.2,3091.49,-1.84,-7.01,18.64,0,Signal Exit,104
Long,False,1.0,2025-04-03 08:00:00,3162.32,2025-04-03 12:00:00,3147.94,3083.94,-14.6,-21.65,21.96,0,Signal Exit,105
Long,False,1.0,2025-04-09 20:00:00,3066.51,2025-04-10 08:00:00,3086.98,3008.85,19.75,-24.01,31.24,24,Signal Exit,106
Long,False,1.0,2025-04-10 12:00:00,3125.34,2025-04-10 16:00:00,3108.67,3038.59,-16.89,-18.78,33.33,0,Signal Exit,107
Long,False,1.0,2025-04-10 20:00:00,3124.46,2025-04-11 16:00:00,3212.31,3131.84,87.13,-8.44,37.13,24,Signal Exit,108
Long,True,1.0,2025-04-11 08:00:00,3188.96,2025-04-11 16:00:00,3212.31,3131.84,23.13,-4.0,37.13,0,Signal Exit,109
Long,False,1.0,2025-04-11 20:00:00,3213.77,2025-04-12 04:00:00,3230.95,3173.42,16.46,-2.59,34.54,24,Signal Exit,110
Long,True,1.0,2025-04-12 00:00:00,3240.53,2025-04-12 04:00:00,3230.95,3173.42,-9.8,-20.86,34.54,0,Signal Exit,111
Long,False,1.0,2025-04-14 04:00:00,3219.1,2025-04-14 08:00:00,3223.69,3187.85,4.37,-9.29,30.19,0,Signal Exit,112
Long,False,1.0,2025-04-14 12:00:00,3232.41,2025-04-14 16:00:00,3227.84,3179.15,-4.79,-11.16,28.06,0,Signal Exit,113
Long,False,1.0,2025-04-15 04:00:00,3212.64,2025-04-15 08:00:00,3212.56,3167.69,-0.3,-5.37,24.77,0,Signal Exit,114
Long,False,1.0,2025-04-15 12:00:00,3228.37,2025-04-15 16:00:00,3225.59,3182.78,-3.0,-11.13,23.08,0,Signal Exit,115
Long,False,1.0,2025-04-16 00:00:00,3221.3,2025-04-17 12:00:00,3344.56,3300.35,122.54,-1.88,22.36,24,Signal Exit,116
Long,True,1.5999999999999999,2025-04-16 04:00:00,3229.77,2025-04-17 12:00:00,3344.56,3300.35,182.51,-5.31,22.36,24,Signal Exit,117
Long,False,1.0,2025-04-17 20:00:00,3327.29,2025-04-18 00:00:00,3296.45,3288.34,-31.56,-43.5,27.2,24,Signal Exit,118
Long,False,1.0,2025-04-18 04:00:00,3320.68,2025-04-22 16:00:00,3468.63,3379.31,145.73,-2.75,33.18,96,Signal Exit,119
Long,True,1.0999999999999999,2025-04-21 08:00:00,3348.01,2025-04-22 16:00:00,3468.63,3379.31,131.89,-0.65,33.18,24,Signal Exit,120
Long,False,1.0,2025-04-29 04:00:00,3352.15,2025-04-29 08:00:00,3337.62,3254.92,-14.75,-19.88,31.66,0,Signal Exit,121
Long,False,1.0,2025-04-29 16:00:00,3323.09,2025-04-29 20:00:00,3309.33,3275.18,-13.98,-16.93,28.44,0,Signal Exit,122
Long,False,1.0,2025-04-30 04:00:00,3319.98,2025-04-30 08:00:00,3317.17,3272.36,-3.03,-9.1,25.66,0,Signal Exit,123
Long,False,1.0,2025-05-05 20:00:00,3312.9,2025-05-06 00:00:00,3311.96,3229.28,-1.66,-4.01,23.31,24,Signal Exit,124
Long,False,1.0,2025-05-06 04:00:00,3328.71,2025-05-07 08:00:00,3400.67,3346.68,71.24,-5.62,29.31,24,Signal Exit,125
Long,False,1.0,2025-05-07 16:00:00,3388.0,2025-05-07 20:00:00,3387.02,3327.78,-1.2,-18.68,31.71,0,Signal Exit,126
Long,False,1.0,2025-05-08 08:00:00,3376.6,2025-05-08 16:00:00,3343.19,3332.44,-33.63,-56.63,35.9,0,Signal Exit,127
Long,False,1.0,2025-05-08 20:00:00,3344.28,2025-05-09 00:00:00,3330.14,3287.47,-14.86,-17.76,33.47,24,Signal Exit,128
Long,False,1.0,2025-05-10 00:00:00,3344.98,2025-05-10 04:00:00,3328.78,3287.84,-16.42,-19.43,32.19,0,Signal Exit,129
Short,False,1.0,2025-05-15 08:00:00,3186.03,2025-05-16 00:00:00,3219.73,3218.1,-35.43,-34.13,27.2,24,Stop Loss Exit,130
Short,False,1.0,2025-05-16 04:00:00,3231.97,2025-05-19 08:00:00,3234.85,3263.08,-3.55,-20.3,31.16,72,Signal Exit,131
Long,False,1.0,2025-05-19 08:00:00,3234.85,2025-05-19 12:00:00,3212.03,3161.05,-23.04,-26.83,33.39,0,Signal Exit,132
Long,False,1.0,2025-05-19 16:00:00,3232.29,2025-05-20 00:00:00,3231.76,3175.44,-1.25,-15.23,30.18,24,Signal Exit,133
Long,False,1.0,2025-05-20 04:00:00,3233.11,2025-05-20 08:00:00,3222.55,3189.18,-10.78,-14.16,27.73,0,Signal Exit,134
Long,False,1.0,2025-05-20 16:00:00,3222.83,2025-05-21 08:00:00,3290.72,3207.46,67.17,-4.67,25.27,24,Signal Exit,135
Long,False,1.0,2025-05-21 12:00:00,3307.58,2025-05-22 16:00:00,3327.81,3290.02,19.51,-17.19,23.21,24,Signal Exit,136
Long,True,0.6,2025-05-21 16:00:00,3310.25,2025-05-22 16:00:00,3327.81,3290.02,10.1,-11.92,23.21,24,Signal Exit,137
Long,False,1.0,2025-05-23 08:00:00,3300.22,2025-05-24 04:00:00,3360.75,3298.5,59.81,-13.3,23.77,24,Signal Exit,138
Long,False,1.0,2025-05-26 12:00:00,3347.69,2025-05-26 16:00:00,3337.49,3308.46,-10.42,-15.73,22.64,0,Signal Exit,139
Long,False,1.0,2025-05-27 00:00:00,3337.91,2025-05-27 12:00:00,3341.22,3320.05,3.09,-5.96,17.85,0,Signal Exit,140
Long,True,1.7999999999999998,2025-05-27 08:00:00,3346.28,2025-05-27 12:00:00,3341.22,3320.05,-9.5,-25.79,17.85,0,Signal Exit,141
Long,False,1.0,2025-05-30 00:00:00,3321.58,2025-05-30 04:00:00,3316.6,3252.35,-5.2,-6.09,23.45,0,Signal Exit,142
Long,False,1.0,2025-06-02 08:00:00,3310.1,2025-06-02 12:00:00,3308.81,3266.89,-1.51,-8.7,20.51,0,Signal Exit,143
Long,False,1.0,2025-06-02 16:00:00,3352.6,2025-06-03 12:00:00,3361.04,3348.97,7.72,-8.05,21.82,24,Signal Exit,144
Long,True,1.4999999999999998,2025-06-02 20:00:00,3356.27,2025-06-03 12:00:00,3361.04,3348.97,6.07,-8.54,21.82,24,Signal Exit,145
Long,False,1.0,2025-06-04 04:00:00,3352.55,2025-06-04 12:00:00,3359.2,3325.17,6.43,-6.29,20.99,0,Signal Exit,146
Long,False,1.0,2025-06-05 00:00:00,3371.68,2025-06-05 12:00:00,3369.72,3323.18,-2.18,-3.52,18.75,0,Signal Exit,147
Long,True,0.7999999999999999,2025-06-05 08:00:00,3378.21,2025-06-05 12:00:00,3369.72,3352.11,-6.97,-8.04,18.75,0,Signal Exit,148
Long,False,1.0,2025-06-05 16:00:00,3371.31,2025-06-06 00:00:00,3344.27,3342.06,-27.76,-32.04,22.2,24,Signal Exit,149
Long,True,0.7999999999999999,2025-06-05 20:00:00,3392.7,2025-06-06 00:00:00,3344.27,3342.06,-39.32,-42.74,22.2,24,Signal Exit,150
Long,False,1.0,2025-06-06 04:00:00,3356.61,2025-06-06 16:00:00,3359.72,3329.89,2.89,-4.78,22.91,0,Signal Exit,151
Long,False,1.0,2025-06-11 16:00:00,3345.66,2025-06-11 20:00:00,3333.14,3306.42,-12.74,-19.47,18.14,0,Signal Exit,152
Long,False,1.0,2025-06-12 04:00:00,3346.89,2025-06-12 16:00:00,3346.51,3325.72,-0.6,-8.11,23.02,0,Signal Exit,153
Long,True,0.7000000000000001,2025-06-12 08:00:00,3365.52,2025-06-12 16:00:00,3346.51,3325.72,-13.46,-18.72,23.02,0,Signal Exit,154
Long,False,1.0,2025-06-12 20:00:00,3379.07,2025-06-13 16:00:00,3414.95,3354.2,35.16,-2.8,26.16,24,Signal Exit,155
Long,True,0.6,2025-06-13 00:00:00,3385.83,2025-06-13 16:00:00,3414.95,3354.2,17.34,-4.76,26.16,0,Signal Exit,156
Long,False,1.0,2025-06-13 20:00:00,3422.33,2025-06-16 12:00:00,3431.72,3405.19,7.67,-3.07,23.63,72,Signal Exit,157
Long,True,0.5,2025-06-14 00:00:00,3426.46,2025-06-16 12:00:00,3431.72,3405.19,2.02,-3.6,23.63,48,Signal Exit,158
Long,False,1.0,2025-06-16 20:00:00,3415.05,2025-06-17 00:00:00,3404.6,3386.63,-11.17,-32.44,22.05,24,Signal Exit,159
Long,False,1.0,2025-06-17 08:00:00,3402.75,2025-06-17 12:00:00,3387.7,3360.47,-15.27,-29.07,23.39,0,Signal Exit,160
Long,False,1.0,2025-06-17 16:00:00,3387.59,2025-06-18 00:00:00,3379.39,3352.97,-8.92,-21.31,21.94,24,Signal Exit,161
Long,True,0.7000000000000001,2025-06-17 20:00:00,3388.52,2025-06-18 00:00:00,3379.39,3354.75,-6.9,-15.57,21.94,24,Signal Exit,162
Long,False,1.0,2025-06-23 20:00:00,3380.68,2025-06-24 04:00:00,3376.32,3337.44,-5.08,-24.96,18.73,24,Signal Exit,163
Short,False,1.0,2025-06-30 04:00:00,3280.46,2025-07-01 04:00:00,3308.65,3299.54,-29.53,-28.98,19.33,24,Stop Loss Exit,164
Short,False,1.0,2025-07-02 00:00:00,3340.19,2025-07-02 08:00:00,3338.09,3376.85,1.88,-3.51,16.83,0,Signal Exit,165
Long,False,1.0,2025-07-02 08:00:00,3338.09,2025-07-02 16:00:00,3334.72,3319.83,-3.59,-10.53,16.37,0,Signal Exit,166
Long,True,0.8999999999999999,2025-07-02 12:00:00,3340.01,2025-07-02 16:00:00,3334.72,3310.65,-4.96,-11.21,16.37,0,Signal Exit,167
Long,False,1.0,2025-07-02 20:00:00,3342.19,2025-07-03 00:00:00,3340.97,3311.83,-1.94,-8.27,15.54,24,Signal Exit,168
Long,False,1.0,2025-07-03 04:00:00,3358.38,2025-07-03 08:00:00,3349.49,3318.62,-9.11,-9.79,15.61,0,Signal Exit,169
Long,False,1.0,2025-07-03 16:00:00,3353.16,2025-07-03 20:00:00,3346.06,3326.76,-7.32,-10.19,15.32,0,Signal Exit,170
Long,False,1.0,2025-07-04 04:00:00,3328.77,2025-07-04 20:00:00,3334.64,3309.87,5.65,-5.16,15.63,0,Signal Exit,171
Long,False,1.0,2025-07-07 04:00:00,3337.36,2025-07-07 08:00:00,3328.94,3316.55,-8.64,-11.1,14.22,0,Signal Exit,172
Long,False,1.0,2025-07-08 04:00:00,3337.23,2025-07-08 08:00:00,3334.75,3284.82,-2.7,-3.43,13.55,0,Signal Exit,173
Short,False,1.0,2025-07-09 08:00:00,3302.44,2025-07-10 04:00:00,3315.81,3314.6,-14.6,-14.44,17.13,24,Stop Loss Exit,174
Short,False,1.0,2025-07-10 08:00:00,3317.52,2025-07-10 16:00:00,3320.86,3337.34,-3.56,-11.88,15.79,0,Signal Exit,175
Short,False,1.0,2025-07-10 20:00:00,3320.4,2025-07-11 04:00:00,3324.84,3346.35,-4.81,-8.86,16.49,24,Signal Exit,176
Short,False,1.0,2025-07-11 08:00:00,3323.61,2025-07-11 12:00:00,3333.61,3340.22,-10.22,-12.56,13.61,0,Signal Exit,177
Short,False,1.0,2025-07-12 04:00:00,3356.39,2025-07-14 04:00:00,3362.93,3383.09,-7.06,-2.19,12.73,48,Signal Exit,178
Long,False,1.0,2025-07-14 04:00:00,3362.93,2025-07-14 12:00:00,3356.99,3340.08,-6.16,-9.2,13.99,0,Signal Exit,179
Long,False,1.0,2025-07-14 16:00:00,3372.08,2025-07-14 20:00:00,3363.98,3338.84,-8.32,-8.41,14.49,0,Signal Exit,180
Long,False,1.0,2025-07-15 08:00:00,3345.37,2025-07-15 20:00:00,3354.87,3330.24,9.28,-0.71,14.28,0,Signal Exit,181
Short,False,1.0,2025-07-16 08:00:00,3331.19,2025-07-17 00:00:00,3343.7,3346.26,-12.88,-45.79,16.1,24,Signal Exit,182
Short,False,1.0,2025-07-18 08:00:00,3340.35,2025-07-18 16:00:00,3349.75,3359.44,-9.62,-9.75,15.92,0,Signal Exit,183
Short,False,1.0,2025-07-19 00:00:00,3353.71,2025-07-21 04:00:00,3348.84,3377.36,4.35,-3.82,12.28,48,Signal Exit,184
Long,False,1.0,2025-07-21 04:00:00,3348.84,2025-07-21 08:00:00,3349.18,3335.35,0.12,-3.87,11.38,0,Signal Exit,185
Long,False,1.0,2025-07-21 12:00:00,3351.36,2025-07-22 08:00:00,3396.52,3349.63,44.44,-0.68,11.83,24,Signal Exit,186
Long,True,1.3,2025-07-21 16:00:00,3364.8,2025-07-22 08:00:00,3396.52,3349.63,40.3,-2.81,11.83,24,Signal Exit,187
Long,False,1.0,2025-07-22 20:00:00,3391.28,2025-07-23 08:00:00,3427.28,3377.88,35.28,-0.23,12.95,24,Signal Exit,188
Long,True,1.0999999999999999,2025-07-23 00:00:00,3426.56,2025-07-23 08:00:00,3427.28,3377.88,0.55,-0.35,12.95,0,Signal Exit,189
Long,False,1.0,2025-07-23 20:00:00,3428.14,2025-07-24 00:00:00,3398.24,3401.54,-31.4,-29.95,15.64,24,Stop Loss Exit,190
Short,False,1.0,2025-07-28 04:00:00,3329.34,2025-08-02 00:00:00,3348.64,3315.12,-21.35,-25.69,21.6,120,Stop Loss Exit,191
Long,False,1.0,2025-08-04 04:00:00,3364.55,2025-08-04 08:00:00,3361.96,3320.76,-2.81,-10.11,17.87,0,Signal Exit,192
Long,False,1.0,2025-08-04 20:00:00,3370.29,2025-08-05 12:00:00,3372.11,3335.1,1.1,-9.15,17.1,24,Signal Exit,193
Long,False,1.0,2025-08-05 16:00:00,3373.73,2025-08-05 20:00:00,3351.36,3348.71,-22.59,-23.87,17.41,0,Signal Exit,194
Long,False,1.0,2025-08-06 00:00:00,3389.59,2025-08-06 04:00:00,3379.09,3330.84,-10.72,-12.84,15.89,0,Signal Exit,195
Long,False,1.0,2025-08-06 08:00:00,3383.3,2025-08-06 12:00:00,3374.69,3361.94,-8.83,-10.19,15.24,0,Signal Exit,196
Long,False,1.0,2025-08-07 00:00:00,3377.56,2025-08-07 04:00:00,3371.68,3342.39,-6.1,-8.58,15.15,0,Signal Exit,197
Long,False,1.0,2025-08-07 12:00:00,3379.78,2025-08-07 20:00:00,3378.33,3349.08,-1.67,-8.27,17.16,0,Signal Exit,198
Long,True,0.8999999999999999,2025-08-07 16:00:00,3395.98,2025-08-07 20:00:00,3378.33,3349.08,-16.08,-21.87,17.16,0,Signal Exit,199
Long,False,1.0,2025-08-08 00:00:00,3390.22,2025-08-08 12:00:00,3395.78,3357.21,5.34,-9.03,16.29,0,Signal Exit,200
Long,True,0.8999999999999999,2025-08-08 04:00:00,3399.81,2025-08-08 12:00:00,3395.78,3357.21,-3.82,-16.76,16.29,0,Signal Exit,201
Long,False,1.0,2025-08-08 16:00:00,3402.08,2025-08-08 20:00:00,3386.24,3364.21,-16.06,-21.64,17.69,0,Signal Exit,202
Long,False,1.0,2025-08-09 00:00:00,3395.25,2025-08-11 04:00:00,3403.61,3361.96,7.14,-19.0,18.39,48,Signal Exit,203
Long,True,0.7999999999999999,2025-08-09 04:00:00,3398.48,2025-08-11 04:00:00,3403.61,3356.95,3.13,-5.09,18.39,48,Signal Exit,204
Short,False,1.0,2025-08-11 08:00:00,3391.69,2025-08-18 16:00:00,3348.97,3352.47,41.45,-0.04,13.78,168,Signal Exit,205
Short,False,1.0,2025-08-18 20:00:00,3345.45,2025-08-21 00:00:00,3340.75,3335.47,3.5,-4.76,10.53,72,Stop Loss Exit,206
Short,True,1.4999999999999998,2025-08-19 08:00:00,3330.98,2025-08-21 00:00:00,3340.75,3335.47,-16.22,-28.85,10.53,48,Stop Loss Exit,207
Long,False,1.0,2025-08-22 00:00:00,3343.69,2025-08-22 04:00:00,3338.97,3314.36,-4.94,-7.2,10.71,0,Signal Exit,208
Short,False,1.0,2025-08-22 08:00:00,3338.44,2025-08-23 00:00:00,3367.95,3350.03,-30.54,-40.41,13.12,24,Stop Loss Exit,209
Short,True,1.5999999999999999,2025-08-22 12:00:00,3332.06,2025-08-23 00:00:00,3367.95,3350.03,-59.07,-74.86,13.12,24,Stop Loss Exit,210
Long,False,1.0,2025-08-25 20:00:00,3370.52,2025-08-26 04:00:00,3365.51,3350.16,-5.73,-8.41,11.45,24,Signal Exit,211
Long,False,1.0,2025-08-26 12:00:00,3372.12,2025-08-27 12:00:00,3380.54,3358.12,7.7,-4.97,12.77,24,Signal Exit,212
Long,True,1.3,2025-08-27 08:00:00,3390.81,2025-08-27 12:00:00,3380.54,3368.21,-13.64,-13.36,12.77,0,Signal Exit,213
Long,False,1.0,2025-08-27 16:00:00,3381.46,2025-08-27 20:00:00,3376.78,3360.56,-4.9,-7.6,13.06,0,Signal Exit,214
Long,False,1.0,2025-08-28 00:00:00,3388.04,2025-08-28 08:00:00,3395.78,3360.55,7.52,-0.51,13.18,0,Signal Exit,215
Long,True,1.0999999999999999,2025-08-28 04:00:00,3396.29,2025-08-28 08:00:00,3395.78,3360.55,-0.8,-2.43,13.18,0,Signal Exit,216
Long,False,1.0,2025-08-28 16:00:00,3395.88,2025-08-29 08:00:00,3414.82,3381.98,18.22,-2.0,11.32,24,Signal Exit,217
Long,True,1.3,2025-08-28 20:00:00,3404.01,2025-08-29 08:00:00,3414.82,3381.98,13.12,-12.9,11.32,24,Signal Exit,218
Long,False,1.0,2025-08-29 16:00:00,3412.18,2025-08-29 20:00:00,3410.69,3395.25,-1.71,-8.02,11.2,0,Signal Exit,219
Long,False,1.0,2025-08-30 00:00:00,3445.45,2025-09-01 04:00:00,3444.29,3393.1,-2.38,-4.51,12.97,48,Signal Exit,220
Long,True,1.0999999999999999,2025-08-30 04:00:00,3452.58,2025-09-01 04:00:00,3444.29,3393.1,-10.46,-7.42,12.97,48,Signal Exit,221
Long,False,1.0,2025-09-01 12:00:00,3474.71,2025-09-01 20:00:00,3470.08,3421.01,-4.85,-8.53,16.91,0,Signal Exit,222
Long,True,1.9,2025-09-01 16:00:00,3477.79,2025-09-01 20:00:00,3470.08,3420.39,-15.07,-22.06,16.91,0,Signal Exit,223
Long,False,1.0,2025-09-02 00:00:00,3474.15,2025-09-02 16:00:00,3476.92,3456.68,2.55,-2.12,18.53,0,Signal Exit,224
Long,True,1.9,2025-09-02 04:00:00,3474.73,2025-09-02 16:00:00,3476.92,3456.68,3.74,-5.13,18.53,0,Signal Exit,225
Long,False,1.0,2025-09-02 20:00:00,3489.9,2025-09-03 08:00:00,3530.12,3453.43,39.5,-15.8,20.55,24,Signal Exit,226
Long,True,1.4000000000000001,2025-09-03 00:00:00,3520.27,2025-09-03 08:00:00,3530.12,3453.43,13.48,-2.87,20.55,0,Signal Exit,227
Long,False,1.0,2025-09-03 12:00:00,3530.85,2025-09-04 04:00:00,3563.77,3512.73,32.2,-4.22,19.74,24,Signal Exit,228
Long,True,1.4000000000000001,2025-09-03 16:00:00,3533.8,2025-09-04 04:00:00,3563.77,3512.73,40.95,-2.21,19.74,24,Signal Exit,229
Long,False,1.0,2025-09-04 16:00:00,3541.14,2025-09-05 04:00:00,3550.01,3513.0,8.15,-6.13,21.55,24,Signal Exit,230
Long,True,1.4000000000000001,2025-09-04 20:00:00,3545.34,2025-09-05 04:00:00,3550.01,3513.0,5.53,-14.46,21.55,24,Signal Exit,231
Long,False,1.0,2025-09-05 08:00:00,3552.69,2025-09-05 16:00:00,3547.98,3521.46,-4.93,-6.77,18.89,0,Signal Exit,232
Long,False,1.0,2025-09-05 20:00:00,3553.24,2025-09-08 04:00:00,3583.72,3523.7,28.76,-4.5,19.26,72,Signal Exit,233
Long,False,1.0,2025-09-08 08:00:00,3591.25,2025-09-08 12:00:00,3583.66,3564.77,-7.81,-8.44,19.14,0,Signal Exit,234
Long,False,1.0,2025-09-08 16:00:00,3609.42,2025-09-09 04:00:00,3636.77,3588.14,26.63,-2.28,18.02,24,Signal Exit,235
Long,True,1.7999999999999998,2025-09-08 20:00:00,3619.83,2025-09-09 04:00:00,3636.77,3588.14,29.2,-9.02,18.02,24,Signal Exit,236
Long,False,1.0,2025-09-09 12:00:00,3645.97,2025-09-09 16:00:00,3644.31,3609.92,-1.88,-9.18,18.88,0,Signal Exit,237
Long,False,1.0,2025-09-09 20:00:00,3648.14,2025-09-10 00:00:00,3645.66,3617.89,-3.2,-21.41,21.58,24,Signal Exit,238
Long,False,1.0,2025-09-10 08:00:00,3633.62,2025-09-11 00:00:00,3644.5,3615.8,10.16,-13.49,19.69,24,Signal Exit,239
Long,False,1.0,2025-09-11 08:00:00,3644.97,2025-09-11 12:00:00,3632.01,3617.36,-13.18,-15.22,18.59,0,Signal Exit,240
Long,False,1.0,2025-09-12 00:00:00,3633.19,2025-09-12 08:00:00,3631.74,3593.78,-1.67,-2.89,16.18,0,Signal Exit,241
Long,True,1.5999999999999999,2025-09-12 04:00:00,3636.94,2025-09-12 08:00:00,3631.74,3594.01,-8.67,-8.54,16.18,0,Signal Exit,242
Long,False,1.0,2025-09-12 12:00:00,3652.75,2025-09-12 16:00:00,3648.19,3614.15,-4.78,-5.04,15.7,0,Signal Exit,243
Long,False,1.0,2025-09-15 12:00:00,3646.05,2025-09-15 16:00:00,3643.84,3611.82,-2.43,-12.4,14.26,0,Signal Exit,244
Long,False,1.0,2025-09-16 00:00:00,3680.59,2025-09-16 08:00:00,3676.98,3619.8,-3.83,-5.9,14.06,0,Signal Exit,245
Long,True,2.1999999999999997,2025-09-16 04:00:00,3680.9,2025-09-16 08:00:00,3676.98,3622.4,-9.11,-10.25,14.06,0,Signal Exit,246
Long,False,1.0,2025-09-16 12:00:00,3681.01,2025-09-17 00:00:00,3686.24,3665.77,4.51,-2.32,15.03,24,Signal Exit,247
Long,True,2.1999999999999997,2025-09-16 16:00:00,3686.53,2025-09-17 00:00:00,3686.24,3665.77,-2.22,-17.25,15.03,24,Signal Exit,248
Long,False,1.0,2025-09-17 04:00:00,3689.63,2025-09-17 12:00:00,3681.69,3670.46,-8.16,-15.33,15.38,0,Signal Exit,249
Long,True,2.1999999999999997,2025-09-17 08:00:00,3694.16,2025-09-17 12:00:00,3681.69,3670.46,-27.92,-43.69,15.38,0,Signal Exit,250
Long,False,1.0,2025-09-18 00:00:00,3684.25,2025-09-18 04:00:00,3661.8,3643.8,-22.67,-38.0,19.62,0,Signal Exit,251
Long,False,1.0,2025-09-18 08:00:00,3669.1,2025-09-18 12:00:00,3658.64,3628.63,-10.68,-17.21,18.14,0,Signal Exit,252
Long,False,1.0,2025-09-18 20:00:00,3667.23,2025-09-19 00:00:00,3641.3,3614.01,-26.65,-39.49,22.05,24,Signal Exit,253
Long,False,1.0,2025-09-20 00:00:00,3670.87,2025-09-23 12:00:00,3746.71,3695.68,74.12,-4.4,17.79,72,Signal Exit,254
Long,True,0.7000000000000001,2025-09-22 04:00:00,3684.78,2025-09-23 12:00:00,3746.71,3695.68,42.85,-0.78,17.79,24,Signal Exit,255
Long,False,1.0,2025-09-23 16:00:00,3753.4,2025-09-24 00:00:00,3779.17,3724.57,25.05,-0.27,19.14,24,Signal Exit,256
Long,True,1.7,2025-09-23 20:00:00,3783.64,2025-09-24 00:00:00,3779.17,3724.57,-8.82,-27.1,19.14,24,Signal Exit,257
Long,False,1.0,2025-09-24 12:00:00,3765.3,2025-09-24 20:00:00,3769.0,3730.31,3.48,-5.73,20.71,0,Signal Exit,258
Long,True,1.4999999999999998,2025-09-24 16:00:00,3777.54,2025-09-24 20:00:00,3769.0,3730.31,-13.14,-26.95,20.71,0,Signal Exit,259
Long,False,1.0,2025-09-25 08:00:00,3742.87,2025-09-25 12:00:00,3736.56,3696.21,-6.53,-13.19,21.76,0,Signal Exit,260
Long,False,1.0,2025-09-25 16:00:00,3752.31,2025-09-26 00:00:00,3736.12,3707.05,-16.91,-30.22,23.76,24,Signal Exit,261
Long,False,1.0,2025-09-26 04:00:00,3746.77,2025-09-26 08:00:00,3744.61,3699.18,-2.38,-8.81,22.47,0,Signal Exit,262
Long,False,1.0,2025-09-26 12:00:00,3745.6,2025-09-27 04:00:00,3766.73,3720.14,20.41,-6.47,22.77,24,Signal Exit,263
Long,False,1.0,2025-09-29 08:00:00,3766.9,2025-09-30 04:00:00,3828.65,3770.56,61.03,-2.89,20.49,24,Signal Exit,264
Long,True,0.7000000000000001,2025-09-29 12:00:00,3794.47,2025-09-30 04:00:00,3828.65,3770.56,23.42,-1.43,20.49,24,Signal Exit,265
Long,False,1.0,2025-09-30 08:00:00,3832.93,2025-09-30 16:00:00,3843.86,3804.83,10.71,-1.78,21.74,0,Signal Exit,266
Long,True,1.4999999999999998,2025-09-30 12:00:00,3864.71,2025-09-30 16:00:00,3843.86,3804.83,-31.6,-38.21,21.74,0,Signal Exit,267
Long,False,1.0,2025-10-01 00:00:00,3839.04,2025-10-01 12:00:00,3862.07,3812.56,22.81,-1.06,26.21,0,Signal Exit,268
Long,True,1.2,2025-10-01 04:00:00,3859.06,2025-10-01 12:00:00,3862.07,3812.56,3.35,-10.02,26.21,0,Signal Exit,269
Long,False,1.0,2025-10-01 16:00:00,3879.12,2025-10-02 00:00:00,3868.48,3827.33,-11.36,-23.1,26.49,24,Signal Exit,270
Long,True,1.2,2025-10-01 20:00:00,3883.69,2025-10-02 00:00:00,3868.48,3827.33,-19.12,-33.2,26.49,24,Signal Exit,271
Long,False,1.0,2025-10-02 12:00:00,3866.56,2025-10-03 00:00:00,3828.1,3836.88,-40.58,-47.48,28.02,24,Stop Loss Exit,272
Long,True,1.2,2025-10-02 16:00:00,3868.52,2025-10-03 00:00:00,3828.1,3836.88,-51.05,-59.33,28.02,24,Stop Loss Exit,273
Long,False,1.0,2025-10-03 04:00:00,3855.63,2025-10-03 12:00:00,3842.66,3803.19,-13.19,-17.63,24.16,0,Signal Exit,274
Long,False,1.0,2025-10-03 16:00:00,3864.44,2025-10-03 20:00:00,3862.11,3813.05,-2.55,-9.79,24.47,0,Signal Exit,275
Long,False,1.0,2025-10-04 00:00:00,3889.49,2025-10-04 04:00:00,3885.69,3829.84,-4.02,-12.84,24.51,0,Signal Exit,276
Long,False,1.0,2025-10-06 04:00:00,3887.05,2025-10-06 20:00:00,3938.11,3873.48,50.84,-2.81,26.0,0,Signal Exit,277
Long,True,1.3,2025-10-06 08:00:00,3909.54,2025-10-06 20:00:00,3938.11,3873.48,36.86,-13.57,26.0,0,Signal Exit,278
Long,False,1.0,2025-10-07 00:00:00,3962.48,2025-10-07 04:00:00,3959.46,3899.08,-3.24,-16.66,23.29,0,Signal Exit,279
Long,False,1.0,2025-10-07 08:00:00,3969.55,2025-10-07 16:00:00,3945.93,3923.47,-23.84,-26.18,23.71,0,Signal Exit,280
Long,False,1.0,2025-10-07 20:00:00,3966.89,2025-10-08 00:00:00,3966.5,3916.58,-1.11,-5.01,25.21,24,Signal Exit,281
Long,False,1.0,2025-10-08 04:00:00,3980.3,2025-10-09 04:00:00,4044.98,3958.2,63.96,-0.07,25.82,24,Signal Exit,282
Long,True,1.2,2025-10-08 08:00:00,3994.43,2025-10-09 04:00:00,4044.98,3958.2,59.8,-12.18,25.82,24,Signal Exit,283
Long,False,1.0,2025-10-09 12:00:00,4026.93,2025-10-10 00:00:00,4014.54,3995.67,-13.11,-22.98,28.3,24,Signal Exit,284
Long,True,1.0999999999999999,2025-10-09 16:00:00,4031.56,2025-10-10 00:00:00,4014.54,3995.67,-19.51,-30.37,28.3,24,Signal Exit,285
Long,False,1.0,2025-10-10 08:00:00,3989.72,2025-10-10 12:00:00,3962.0,3912.49,-27.94,-28.97,32.63,0,Signal Exit,286
Long,False,1.0,2025-10-10 20:00:00,3987.26,2025-10-14 16:00:00,4126.06,4071.95,136.58,-16.64,38.06,96,Signal Exit,287
Long,True,0.7999999999999999,2025-10-13 04:00:00,4012.06,2025-10-14 16:00:00,4126.06,4071.95,90.62,-3.74,38.06,24,Signal Exit,288
Long,False,1.0,2025-10-14 20:00:00,4130.6,2025-10-15 20:00:00,4198.84,4118.13,67.52,-32.96,36.94,24,Signal Exit,289
Long,True,1.0,2025-10-15 08:00:00,4161.72,2025-10-15 20:00:00,4198.84,4118.13,36.9,-8.03,36.94,0,Signal Exit,290
Long,False,1.0,2025-10-16 04:00:00,4210.23,2025-10-16 08:00:00,4209.08,4137.67,-1.37,-10.3,37.36,0,Signal Exit,291
Long,False,1.0,2025-10-16 12:00:00,4233.87,2025-10-16 16:00:00,4230.75,4161.77,-3.34,-30.26,38.87,0,Signal Exit,292
Long,False,1.0,2025-10-16 20:00:00,4240.59,2025-10-17 16:00:00,4342.28,4222.83,100.97,-12.93,45.82,24,Signal Exit,293
Long,True,1.0,2025-10-17 00:00:00,4273.52,2025-10-17 16:00:00,4342.28,4222.83,68.54,-12.31,45.82,0,Signal Exit,294
Long,False,1.0,2025-10-20 04:00:00,4243.5,2025-10-20 08:00:00,4237.82,4134.12,-5.9,-9.71,52.99,0,Signal Exit,295
Long,False,1.0,2025-10-20 12:00:00,4264.75,2025-10-20 16:00:00,4255.23,4163.38,-9.74,-43.52,56.27,0,Signal Exit,296
Long,False,1.0,2025-10-20 20:00:00,4278.47,2025-10-21 08:00:00,4360.36,4212.67,81.17,-5.89,58.6,24,Signal Exit,297
Long,True,1.0,2025-10-21 00:00:00,4349.04,2025-10-21 08:00:00,4360.36,4212.67,11.1,-11.75,58.6,0,Signal Exit,298
Long,False,1.0,2025-10-31 04:00:00,4023.32,2025-10-31 12:00:00,3996.32,3946.96,-27.22,-32.08,46.08,0,Signal Exit,299
Long,False,1.0,2025-10-31 16:00:00,4021.12,2025-10-31 20:00:00,4010.44,3943.99,-10.9,-22.7,44.23,0,Signal Exit,300
Long,False,1.0,2025-11-01 00:00:00,4012.74,2025-11-01 04:00:00,4000.97,3955.86,-11.99,-40.5,43.53,0,Signal Exit,301
Long,False,1.0,2025-11-03 04:00:00,3983.73,2025-11-03 08:00:00,3979.55,3930.87,-4.4,-6.1,37.55,0,Signal Exit,302
Long,False,1.0,2025-11-03 12:00:00,4011.19,2025-11-03 20:00:00,4007.54,3925.48,-3.87,-18.2,36.14,0,Signal Exit,303
Long,False,1.0,2025-11-04 00:00:00,4007.63,2025-11-04 04:00:00,4004.86,3958.45,-2.99,-12.41,31.95,0,Signal Exit,304
Long,False,1.0,2025-11-04 20:00:00,3995.16,2025-11-05 00:00:00,3956.97,3938.15,-38.91,-66.64,31.38,24,Signal Exit,305
Long,False,1.0,2025-11-06 16:00:00,4005.6,2025-11-07 00:00:00,3980.31,3954.88,-26.01,-30.48,28.56,24,Signal Exit,306
Long,False,1.0,2025-11-07 12:00:00,3990.54,2025-11-07 20:00:00,4003.09,3959.54,12.33,-4.98,23.81,0,Signal Exit,307
Long,False,1.0,2025-11-08 04:00:00,4006.57,2025-11-10 04:00:00,3999.21,3959.21,-8.58,-12.03,23.87,48,Signal Exit,308
Long,False,1.0,2025-11-10 08:00:00,4011.78,2025-11-11 00:00:00,4084.32,4025.4,71.82,-0.7,25.59,24,Signal Exit,309
Long,True,1.2,2025-11-10 12:00:00,4050.04,2025-11-11 00:00:00,4084.32,4025.4,40.27,-0.28,25.59,24,Signal Exit,310
Long,False,1.0,2025-11-11 04:00:00,4113.33,2025-11-11 16:00:00,4129.17,4081.55,15.62,-6.67,25.5,0,Signal Exit,311
Long,False,1.0,2025-11-11 20:00:00,4143.08,2025-11-12 00:00:00,4106.56,4099.54,-37.24,-46.13,27.09,24,Signal Exit,312
Long,False,1.0,2025-11-12 04:00:00,4123.05,2025-11-12 12:00:00,4111.99,4079.43,-11.28,-11.26,27.27,0,Signal Exit,313
Long,True,0.6,2025-11-12 08:00:00,4142.66,2025-11-12 12:00:00,4111.99,4079.43,-18.53,-18.52,27.27,0,Signal Exit,314
Long,False,1.0,2025-11-12 16:00:00,4117.14,2025-11-13 08:00:00,4190.93,4092.27,73.07,-5.03,29.52,24,Signal Exit,315
Long,True,0.5,2025-11-12 20:00:00,4126.15,2025-11-13 08:00:00,4190.93,4092.27,32.03,-1.75,29.52,24,Signal Exit,316
Long,False,1.0,2025-11-13 12:00:00,4213.02,2025-11-14 00:00:00,4202.68,4174.31,-11.06,-28.61,31.35,24,Signal Exit,317
Long,True,1.0,2025-11-13 16:00:00,4220.06,2025-11-14 00:00:00,4202.68,4174.31,-18.1,-35.65,31.35,24,Signal Exit,318
Long,False,1.0,2025-11-14 08:00:00,4186.33,2025-11-14 16:00:00,4181.0,4125.88,-5.55,-27.5,36.09,0,Signal Exit,319
Long,False,1.0,2025-11-20 08:00:00,4104.6,2025-11-20 12:00:00,4072.14,4015.42,-32.68,-63.26,40.15,0,Signal Exit,320
Long,False,1.0,2025-11-21 04:00:00,4084.71,2025-11-21 08:00:00,4079.21,4003.64,-5.72,-12.02,37.36,0,Signal Exit,321
Long,False,1.0,2025-11-22 00:00:00,4069.49,2025-11-24 04:00:00,4068.96,3994.44,-1.75,-14.99,39.69,48,Signal Exit,322
Long,False,1.0,2025-11-24 08:00:00,4074.99,2025-11-24 12:00:00,4050.43,4017.01,-24.78,-34.4,36.98,0,Signal Exit,323
Long,False,1.0,2025-11-24 20:00:00,4069.96,2025-11-25 12:00:00,4143.04,4056.82,72.36,-4.16,32.36,24,Signal Exit,324
Long,False,1.0,2025-11-25 20:00:00,4133.55,2025-11-26 00:00:00,4122.88,4078.56,-11.39,-22.63,30.84,24,Signal Exit,325
Long,False,1.0,2025-11-26 04:00:00,4133.93,2025-11-26 08:00:00,4133.8,4080.93,-0.35,-6.38,28.03,0,Signal Exit,326
Long,False,1.0,2025-11-26 12:00:00,4166.08,2025-11-26 16:00:00,4157.32,4099.33,-8.98,-19.15,28.91,0,Signal Exit,327
Long,False,1.0,2025-11-26 20:00:00,4171.64,2025-11-27 00:00:00,4165.34,4119.26,-7.02,-34.8,28.32,24,Signal Exit,328
Long,False,1.0,2025-11-27 08:00:00,4164.7,2025-11-27 12:00:00,4147.46,4131.49,-17.46,-20.58,25.49,0,Signal Exit,329
Long,False,1.0,2025-11-27 16:00:00,4160.03,2025-11-27 20:00:00,4157.27,4117.52,-2.98,-11.73,24.0,0,Signal Exit,330
Long,False,1.0,2025-11-28 00:00:00,4158.04,2025-11-28 04:00:00,4159.71,4124.99,1.45,-6.73,21.83,0,Signal Exit,331
Long,False,1.0,2025-11-28 08:00:00,4163.46,2025-11-28 16:00:00,4174.65,4139.27,10.97,-0.53,19.76,0,Signal Exit,332
Long,False,1.0,2025-11-29 00:00:00,4203.7,2025-12-02 00:00:00,4232.5,4191.15,27.08,-5.98,25.86,72,Signal Exit,333
Long,True,1.4999999999999998,2025-12-01 08:00:00,4222.13,2025-12-02 00:00:00,4232.5,4191.15,14.47,-10.42,25.86,24,Signal Exit,334
Long,False,1.0,2025-12-02 04:00:00,4237.09,2025-12-02 08:00:00,4227.58,4193.28,-9.73,-12.41,26.33,0,Signal Exit,335
Long,False,1.0,2025-12-03 04:00:00,4196.71,2025-12-03 16:00:00,4206.44,4163.53,9.51,-1.79,31.36,0,Signal Exit,336
Long,False,1.0,2025-12-03 20:00:00,4208.82,2025-12-04 04:00:00,4207.75,4164.55,-1.79,-13.72,30.53,24,Signal Exit,337
Long,False,1.0,2025-12-05 00:00:00,4207.57,2025-12-05 08:00:00,4205.98,4154.72,-1.81,-8.13,23.4,0,Signal Exit,338
Long,True,1.0999999999999999,2025-12-05 04:00:00,4208.88,2025-12-05 08:00:00,4205.98,4157.9,-3.43,-5.76,23.4,0,Signal Exit,339
Long,False,1.0,2025-12-05 16:00:00,4224.67,2025-12-05 20:00:00,4223.62,4172.44,-1.27,-8.97,21.37,0,Signal Exit,340
Long,False,1.0,2025-12-06 00:00:00,4243.82,2025-12-06 04:00:00,4207.68,4193.4,-36.36,-45.32,24.56,0,Signal Exit,341
Long,False,1.0,2025-12-10 00:00:00,4212.75,2025-12-10 04:00:00,4212.47,4159.17,-0.5,-11.48,22.0,0,Signal Exit,342
Long,False,1.0,2025-12-11 04:00:00,4216.29,2025-12-11 12:00:00,4216.69,4161.38,0.18,-7.09,21.69,0,Signal Exit,343
Long,True,0.7000000000000001,2025-12-11 08:00:00,4232.33,2025-12-11 12:00:00,4216.69,4161.38,-11.1,-16.19,21.69,0,Signal Exit,344
Long,False,1.0,2025-12-12 00:00:00,4255.98,2025-12-12 12:00:00,4270.66,4180.34,14.46,-5.8,23.93,0,Signal Exit,345
Long,True,0.6,2025-12-12 04:00:00,4273.52,2025-12-12 12:00:00,4270.66,4180.34,-1.85,-5.45,23.93,0,Signal Exit,346
Long,False,1.0,2025-12-12 16:00:00,4287.18,2025-12-13 00:00:00,4290.55,4238.48,2.65,-3.98,31.8,24,Signal Exit,347
Long,True,0.5,2025-12-12 20:00:00,4336.45,2025-12-13 00:00:00,4290.55,4238.48,-23.31,-26.62,31.8,24,Signal Exit,348
Long,False,1.0,2025-12-13 04:00:00,4296.54,2025-12-16 00:00:00,4318.37,4269.16,20.11,-7.98,32.5,72,Signal Exit,349
Long,True,0.5,2025-12-15 04:00:00,4295.98,2025-12-16 00:00:00,4318.37,4269.16,10.84,-0.33,32.5,24,Signal Exit,350
Long,False,1.0,2025-12-17 00:00:00,4319.76,2025-12-17 04:00:00,4310.21,4242.91,-9.77,-28.62,28.09,0,Signal Exit,351
Long,False,1.0,2025-12-17 12:00:00,4323.66,2025-12-17 16:00:00,4317.25,4274.62,-6.63,-8.3,27.09,0,Signal Exit,352
Long,False,1.0,2025-12-18 00:00:00,4330.36,2025-12-18 12:00:00,4333.22,4279.64,2.64,-9.86,24.75,0,Signal Exit,353
Long,True,1.2,2025-12-18 08:00:00,4339.31,2025-12-18 12:00:00,4333.22,4294.69,-7.57,-17.7,24.75,0,Signal Exit,354
Long,False,1.0,2025-12-19 00:00:00,4338.01,2025-12-19 04:00:00,4324.9,4284.99,-13.33,-16.06,26.16,0,Signal Exit,355
Long,False,1.0,2025-12-19 08:00:00,4335.12,2025-12-19 12:00:00,4318.11,4298.96,-17.23,-25.74,22.59,0,Signal Exit,356
Long,False,1.0,2025-12-19 16:00:00,4322.85,2025-12-20 04:00:00,4345.17,4297.47,21.6,-3.22,22.02,24,Signal Exit,357
Long,False,1.0,2025-12-22 08:00:00,4355.05,2025-12-22 20:00:00,4410.43,4332.51,55.16,0.0,22.58,0,Signal Exit,358
Long,True,1.4000000000000001,2025-12-22 12:00:00,4392.58,2025-12-22 20:00:00,4410.43,4332.51,24.68,-1.68,22.58,0,Signal Exit,359
Long,False,1.0,2025-12-23 00:00:00,4431.71,2025-12-23 16:00:00,4486.56,4409.26,54.63,-3.54,22.14,0,Signal Exit,360
Long,True,1.4000000000000001,2025-12-23 04:00:00,4433.49,2025-12-23 16:00:00,4486.56,4409.26,73.99,-2.28,22.14,0,Signal Exit,361
Long,False,1.0,2025-12-23 20:00:00,4493.58,2025-12-24 00:00:00,4458.57,4447.18,-35.73,-63.1,26.26,24,Signal Exit,362
Long,False,1.0,2025-12-24 04:00:00,4490.82,2025-12-24 12:00:00,4493.22,4427.81,2.18,-20.01,31.14,0,Signal Exit,363
Long,True,1.0999999999999999,2025-12-24 08:00:00,4503.41,2025-12-24 12:00:00,4493.22,4427.81,-11.45,-35.86,31.14,0,Signal Exit,364
Long,False,1.0,2025-12-24 20:00:00,4491.34,2025-12-25 00:00:00,4458.49,4448.21,-33.57,-43.24,31.19,24,Signal Exit,365
Long,False,1.0,2025-12-26 04:00:00,4498.82,2025-12-26 20:00:00,4509.7,4423.6,10.66,-18.95,32.12,0,Signal Exit,366
Long,True,1.0,2025-12-26 08:00:00,4494.88,2025-12-26 20:00:00,4509.7,4423.6,14.6,-2.63,32.12,0,Signal Exit,367
Long,False,1.0,2025-12-27 00:00:00,4546.63,2025-12-27 04:00:00,4523.84,4469.09,-23.01,-36.84,35.49,0,Signal Exit,368
Long,False,1.0,2025-12-29 04:00:00,4548.84,2025-12-29 08:00:00,4527.34,4478.09,-21.72,-25.72,30.65,0,Signal Exit,369
Long,False,1.0,2026-01-05 12:00:00,4399.99,2026-01-05 20:00:00,4419.29,4331.79,19.08,-2.74,34.92,0,Signal Exit,370
Long,False,1.0,2026-01-06 00:00:00,4448.71,2026-01-06 04:00:00,4439.84,4359.51,-9.09,-16.29,34.73,0,Signal Exit,371
Long,False,1.0,2026-01-06 08:00:00,4440.68,2026-01-06 16:00:00,4458.76,4393.49,17.86,-13.03,33.49,0,Signal Exit,372
Long,False,1.0,2026-01-06 20:00:00,4463.23,2026-01-07 12:00:00,4474.59,4406.07,10.64,-9.26,33.67,24,Signal Exit,373
Long,False,1.0,2026-01-08 04:00:00,4456.84,2026-01-08 12:00:00,4440.39,4391.79,-16.67,-23.53,28.95,0,Signal Exit,374
Long,False,1.0,2026-01-09 00:00:00,4454.21,2026-01-09 04:00:00,4452.22,4378.46,-2.21,-9.5,28.09,0,Signal Exit,375
Long,False,1.0,2026-01-09 08:00:00,4475.58,2026-01-09 12:00:00,4464.11,4416.93,-11.69,-22.91,27.89,0,Signal Exit,376
Long,False,1.0,2026-01-09 16:00:00,4470.39,2026-01-10 04:00:00,4499.23,4430.19,28.12,-12.27,28.22,24,Signal Exit,377
Long,True,0.6,2026-01-09 20:00:00,4475.42,2026-01-10 04:00:00,4499.23,4430.19,13.85,-10.38,28.22,24,Signal Exit,378
Long,False,1.0,2026-01-12 04:00:00,4521.41,2026-01-12 20:00:00,4584.96,4481.46,63.33,-8.74,30.35,0,Signal Exit,379
Long,True,1.0999999999999999,2026-01-12 08:00:00,4540.16,2026-01-12 20:00:00,4584.96,4481.46,49.04,-4.46,30.35,0,Signal Exit,380
Long,False,1.0,2026-01-13 00:00:00,4620.82,2026-01-13 04:00:00,4611.25,4545.58,-9.79,-20.3,31.36,0,Signal Exit,381
Long,False,1.0,2026-01-13 20:00:00,4588.53,2026-01-14 04:00:00,4597.46,4542.87,8.21,-10.7,33.57,24,Signal Exit,382
Long,True,1.0,2026-01-14 00:00:00,4619.09,2026-01-14 04:00:00,4597.46,4542.87,-21.85,-37.92,33.57,0,Signal Exit,383
Long,False,1.0,2026-01-14 12:00:00,4628.26,2026-01-14 20:00:00,4630.22,4563.43,1.74,-10.3,30.48,0,Signal Exit,384
Long,False,1.0,2026-01-15 04:00:00,4639.36,2026-01-15 08:00:00,4615.35,4566.01,-24.23,-36.5,32.45,0,Signal Exit,385
Long,False,1.0,2026-01-15 16:00:00,4601.37,2026-01-16 00:00:00,4615.37,4548.03,13.28,-18.89,33.7,24,Signal Exit,386
Long,True,1.0,2026-01-15 20:00:00,4619.06,2026-01-16 00:00:00,4615.37,4548.03,-4.41,-36.58,33.7,24,Signal Exit,387
Long,False,1.0,2026-01-16 04:00:00,4615.7,2026-01-16 08:00:00,4610.17,4548.37,-5.75,-14.86,31.48,0,Signal Exit,388
Long,False,1.0,2026-01-16 16:00:00,4607.06,2026-01-17 00:00:00,4571.13,4561.88,-36.65,-70.5,32.88,24,Signal Exit,389
Long,False,1.0,2026-01-19 08:00:00,4672.53,2026-01-19 12:00:00,4658.55,4544.94,-14.2,-19.32,35.16,0,Signal Exit,390
Long,False,1.0,2026-01-20 00:00:00,4674.32,2026-01-20 04:00:00,4675.1,4627.67,0.56,-7.14,30.22,0,Signal Exit,391
Long,False,1.0,2026-01-20 12:00:00,4680.2,2026-01-22 00:00:00,4848.36,4739.65,166.94,-0.72,34.2,48,Signal Exit,392
Long,True,1.0,2026-01-20 16:00:00,4716.23,2026-01-22 00:00:00,4848.36,4739.65,130.91,-1.31,34.2,48,Signal Exit,393
Long,False,1.0,2026-01-22 12:00:00,4796.68,2026-01-22 20:00:00,4831.18,4724.42,34.28,-3.14,48.22,0,Signal Exit,394
Long,True,1.0,2026-01-22 16:00:00,4832.68,2026-01-22 20:00:00,4831.18,4724.42,-1.72,-18.74,48.22,0,Signal Exit,395
Long,False,1.0,2026-01-23 00:00:00,4871.59,2026-01-23 12:00:00,4952.03,4815.05,80.22,-3.49,52.58,0,Signal Exit,396
Long,True,1.0,2026-01-23 04:00:00,4911.92,2026-01-23 12:00:00,4952.03,4815.05,39.89,-0.48,52.58,0,Signal Exit,397
Long,False,1.0,2026-01-24 00:00:00,4960.48,2026-01-27 00:00:00,5091.01,4961.57,128.81,-2.02,43.31,72,Signal Exit,398
Long,True,1.0,2026-01-24 04:00:00,4984.51,2026-01-27 00:00:00,5091.01,4961.57,104.78,-13.87,43.31,72,Signal Exit,399
Long,False,1.0,2026-01-27 08:00:00,5043.56,2026-01-27 20:00:00,5076.95,4964.75,33.17,-29.8,49.58,0,Signal Exit,400
Long,True,1.0,2026-01-27 12:00:00,5076.3,2026-01-27 20:00:00,5076.95,4964.75,0.43,-19.26,49.58,0,Signal Exit,401
Long,False,1.0,2026-01-28 00:00:00,5090.93,2026-01-28 20:00:00,5261.99,5098.85,170.84,-14.76,58.92,0,Signal Exit,402
Long,True,1.0,2026-01-28 04:00:00,5098.93,2026-01-28 20:00:00,5261.99,5098.85,162.84,-0.85,58.92,0,Signal Exit,403
Long,False,1.0,2026-01-29 00:00:00,5278.41,2026-01-29 20:00:00,5522.71,5190.01,244.08,-9.74,81.13,0,Signal Exit,404
Long,True,1.0,2026-01-29 04:00:00,5325.25,2026-01-29 20:00:00,5522.71,5190.01,197.24,-3.85,81.13,0,Signal Exit,405
Long,False,1.0,2026-01-30 04:00:00,5305.81,2026-01-30 12:00:00,5196.28,5041.1,-109.75,-193.32,153.23,0,Signal Exit,406
Long,False,1.0,2026-02-04 12:00:00,5068.35,2026-02-04 20:00:00,5047.61,4804.39,-20.96,-54.86,126.22,0,Signal Exit,407
Long,False,1.0,2026-02-05 08:00:00,5011.75,2026-02-05 12:00:00,4880.5,4751.01,-131.47,-222.54,110.57,0,Signal Exit,408
Long,False,1.0,2026-02-06 20:00:00,4886.53,2026-02-09 12:00:00,5016.23,4831.44,127.98,-14.7,102.69,72,Signal Exit,409
Long,False,1.0,2026-02-09 20:00:00,5010.58,2026-02-10 08:00:00,5031.77,4914.11,20.47,-23.33,81.15,24,Signal Exit,410
Long,False,1.0,2026-02-10 16:00:00,5033.14,2026-02-11 00:00:00,5019.63,4952.15,-14.23,-34.1,59.91,24,Signal Exit,411
Long,False,1.0,2026-02-11 04:00:00,5027.55,2026-02-12 00:00:00,5059.9,4993.1,31.63,-9.76,54.25,24,Signal Exit,412
Long,False,1.0,2026-02-12 04:00:00,5082.15,2026-02-12 08:00:00,5060.9,4963.74,-21.47,-29.65,52.76,0,Signal Exit,413
Long,False,1.0,2026-02-12 16:00:00,5063.78,2026-02-12 20:00:00,5064.19,4997.87,0.19,-11.27,45.8,0,Signal Exit,414
Long,False,1.0,2026-02-16 04:00:00,5035.13,2026-02-16 08:00:00,5020.25,4915.87,-15.1,-27.24,58.26,0,Signal Exit,415
Long,False,1.0,2026-02-19 00:00:00,4997.77,2026-02-19 04:00:00,4980.47,4855.68,-17.52,-24.9,51.79,0,Signal Exit,416
Long,False,1.0,2026-02-19 12:00:00,4981.66,2026-02-19 20:00:00,4985.1,4907.64,3.22,-4.91,51.29,0,Signal Exit,417
Long,True,0.5,2026-02-19 16:00:00,5010.15,2026-02-19 20:00:00,4985.1,4907.64,-12.63,-16.07,51.29,0,Signal Exit,418
Long,False,1.0,2026-02-20 00:00:00,5013.88,2026-02-20 04:00:00,4987.98,4915.31,-26.12,-38.54,48.73,0,Signal Exit,419
Long,False,1.0,2026-02-20 16:00:00,5006.59,2026-02-23 16:00:00,5136.72,5034.79,128.41,-17.19,44.91,72,Signal Exit,420
Long,True,0.7000000000000001,2026-02-23 08:00:00,5165.18,2026-02-23 16:00:00,5136.72,5034.79,-20.08,-28.15,44.91,0,Signal Exit,421
Long,False,1.0,2026-02-23 20:00:00,5149.58,2026-02-24 12:00:00,5171.9,5131.0,21.6,-8.35,49.67,24,Signal Exit,422
Long,True,0.6,2026-02-24 00:00:00,5196.21,2026-02-24 12:00:00,5171.9,5131.0,-14.72,-30.61,49.67,0,Signal Exit,423
Long,False,1.0,2026-02-24 16:00:00,5179.44,2026-02-24 20:00:00,5172.49,5095.82,-7.17,-16.24,47.62,0,Signal Exit,424
Long,False,1.0,2026-02-25 04:00:00,5154.11,2026-02-25 08:00:00,5146.66,5045.32,-7.67,-33.37,48.93,0,Signal Exit,425
Long,False,1.0,2026-02-25 12:00:00,5182.06,2026-02-25 20:00:00,5181.35,5069.91,-0.93,-26.99,48.29,0,Signal Exit,426
Long,False,1.0,2026-02-26 00:00:00,5194.74,2026-02-26 08:00:00,5162.95,5111.89,-32.01,-48.88,47.09,0,Signal Exit,427
Long,False,1.0,2026-02-26 12:00:00,5192.68,2026-02-26 16:00:00,5186.18,5098.78,-6.72,-13.15,46.48,0,Signal Exit,428
Long,False,1.0,2026-02-27 00:00:00,5185.88,2026-02-27 08:00:00,5184.65,5085.96,-1.45,-25.49,41.44,0,Signal Exit,429
Long,True,0.5,2026-02-27 04:00:00,5186.93,2026-02-27 08:00:00,5184.65,5084.9,-1.25,-5.3,41.44,0,Signal Exit,430
Long,False,1.0,2026-02-27 20:00:00,5185.59,2026-03-02 12:00:00,5366.17,5205.61,178.86,-2.65,44.58,72,Signal Exit,431
Long,True,0.5,2026-02-28 00:00:00,5239.34,2026-03-02 12:00:00,5366.17,5205.61,62.8,-9.01,44.58,48,Signal Exit,432
Long,False,1.0,2026-03-02 16:00:00,5408.47,2026-03-02 20:00:00,5385.32,5256.21,-23.37,-33.52,48.21,0,Signal Exit,433
Long,False,1.0,2026-03-03 04:00:00,5330.23,2026-03-03 16:00:00,5327.58,5265.78,-2.87,-50.88,60.31,0,Signal Exit,434
Long,False,1.0,2026-03-10 12:00:00,5157.31,2026-03-10 20:00:00,5175.35,5052.95,17.82,-2.97,61.56,0,Signal Exit,435
Long,False,1.0,2026-03-11 00:00:00,5228.78,2026-03-11 04:00:00,5198.6,5093.78,-30.4,-68.05,60.42,0,Signal Exit,436
Long,False,1.0,2026-03-11 12:00:00,5203.26,2026-03-11 16:00:00,5195.88,5124.64,-7.6,-18.82,50.34,0,Signal Exit,437
Long,False,1.0,2026-03-12 04:00:00,5183.02,2026-03-12 08:00:00,5134.15,5106.2,-49.09,-53.37,43.07,0,Signal Exit,438
Long,False,1.0,2026-03-12 12:00:00,5153.41,2026-03-12 20:00:00,5179.67,5082.02,26.04,-16.36,40.33,0,Signal Exit,439
Short,False,1.0,2026-03-16 04:00:00,5010.84,2026-03-25 12:00:00,4570.19,4582.23,439.08,-33.43,131.21,216,Signal Exit,440
Short,False,1.0,2026-03-25 16:00:00,4539.2,2026-03-25 20:00:00,4578.75,4730.41,-39.77,-46.39,121.15,0,Signal Exit,441
Short,False,1.0,2026-03-26 00:00:00,4558.96,2026-03-26 12:00:00,4516.95,4690.96,41.79,-9.96,79.03,0,Signal Exit,442
Short,False,1.0,2026-03-26 16:00:00,4452.39,2026-03-28 00:00:00,4524.27,4537.37,-72.4,-102.9,69.67,48,Signal Exit,443
Short,True,1.0,2026-03-27 08:00:00,4405.03,2026-03-28 00:00:00,4524.27,4537.37,-119.61,-150.26,69.67,24,Signal Exit,444
Short,False,1.0,2026-03-28 04:00:00,4514.53,2026-03-30 12:00:00,4496.16,4585.59,17.85,-5.28,68.94,48,Signal Exit,445
Short,False,1.0,2026-03-31 00:00:00,4548.04,2026-03-31 08:00:00,4511.93,4648.51,35.89,-1.67,63.79,0,Signal Exit,446
Short,False,1.0,2026-04-01 12:00:00,4681.73,2026-04-01 16:00:00,4712.91,4789.11,-31.4,-66.04,65.66,0,Signal Exit,447
Short,False,1.0,2026-04-02 04:00:00,4766.06,2026-04-02 08:00:00,4783.92,4855.6,-18.08,-34.19,61.33,0,Signal Exit,448
Short,False,1.0,2026-04-02 12:00:00,4676.36,2026-04-03 00:00:00,4661.02,4873.38,14.97,-23.36,74.63,24,Signal Exit,449
Short,False,1.0,2026-04-06 08:00:00,4611.01,2026-04-06 12:00:00,4640.54,4746.7,-29.75,-60.94,71.14,0,Signal Exit,450
Short,False,1.0,2026-04-06 20:00:00,4678.06,2026-04-07 08:00:00,4658.68,4773.42,19.01,-19.62,61.63,24,Signal Exit,451
Short,False,1.0,2026-04-07 12:00:00,4649.74,2026-04-07 20:00:00,4660.26,4729.6,-10.74,-44.81,49.53,0,Signal Exit,452
Short,False,1.0,2026-04-08 00:00:00,4655.74,2026-04-08 04:00:00,4700.68,4744.59,-45.16,-62.65,46.25,0,Signal Exit,453
Short,False,1.0,2026-04-08 12:00:00,4797.49,2026-04-08 16:00:00,4813.63,4914.36,-16.36,-46.03,56.07,0,Signal Exit,454
Short,False,1.0,2026-04-08 20:00:00,4798.5,2026-04-09 16:00:00,4724.25,4866.03,73.88,-8.57,58.85,24,Signal Exit,455
Short,False,1.0,2026-04-10 04:00:00,4769.18,2026-04-10 12:00:00,4766.7,4855.78,2.26,-10.33,52.66,0,Signal Exit,456
Short,False,1.0,2026-04-10 16:00:00,4749.62,2026-04-10 20:00:00,4768.81,4821.83,-19.41,-19.23,42.66,0,Signal Exit,457
Short,False,1.0,2026-04-11 00:00:00,4761.83,2026-04-13 16:00:00,4733.64,4798.87,27.67,-11.47,41.16,48,Signal Exit,458
Short,False,1.0,2026-04-13 20:00:00,4706.81,2026-04-14 04:00:00,4741.36,4781.77,-34.92,-43.48,40.55,24,Signal Exit,459
Short,False,1.0,2026-04-14 20:00:00,4774.9,2026-04-15 00:00:00,4808.32,4837.01,-33.79,-43.14,42.12,24,Signal Exit,460
Short,False,1.0,2026-04-15 08:00:00,4837.13,2026-04-15 20:00:00,4812.23,4909.94,24.68,-34.18,36.56,0,Signal Exit,461
Short,False,1.0,2026-04-16 00:00:00,4801.77,2026-04-16 08:00:00,4823.5,4867.94,-21.95,-25.01,36.17,0,Signal Exit,462
Short,False,1.0,2026-04-16 16:00:00,4821.29,2026-04-16 20:00:00,4822.25,4873.13,-1.18,-1.27,34.24,0,Signal Exit,463
Short,False,1.0,2026-04-17 00:00:00,4807.09,2026-04-17 12:00:00,4793.32,4858.95,13.55,-3.08,30.78,0,Signal Exit,464
Short,False,1.0,2026-04-17 16:00:00,4784.52,2026-04-17 20:00:00,4799.12,4837.76,-14.82,-27.0,29.77,0,Signal Exit,465
Short,False,1.0,2026-04-18 04:00:00,4854.7,2026-04-20 20:00:00,4810.43,4892.56,43.75,-0.52,39.82,48,Signal Exit,466
Short,False,1.0,2026-04-21 00:00:00,4799.59,2026-04-21 04:00:00,4814.09,4868.85,-14.72,-21.92,39.52,0,Signal Exit,467
Short,False,1.0,2026-04-21 12:00:00,4797.28,2026-04-30 20:00:00,4630.56,4617.12,163.06,-0.68,41.83,216,Stop Loss Exit,468
Short,True,0.5,2026-04-22 08:00:00,4738.05,2026-04-30 20:00:00,4630.56,4617.12,51.99,-17.17,41.83,192,Stop Loss Exit,469
Short,False,1.0,2026-05-01 00:00:00,4615.45,2026-05-02 00:00:00,4643.09,4673.5,-28.01,-44.82,39.91,24,Signal Exit,470
Short,True,1.0,2026-05-01 04:00:00,4617.14,2026-05-02 00:00:00,4643.09,4673.5,-26.32,-43.13,39.91,24,Signal Exit,471
Short,False,1.0,2026-05-02 04:00:00,4610.62,2026-05-04 12:00:00,4615.11,4701.03,-5.01,-18.81,35.66,48,Signal Exit,472
Short,True,1.0,2026-05-04 04:00:00,4619.77,2026-05-04 12:00:00,4615.11,4687.43,4.44,-9.66,35.66,0,Signal Exit,473
Short,False,1.0,2026-05-04 16:00:00,4578.76,2026-05-06 08:00:00,4593.95,4621.8,-15.71,-17.04,32.53,48,Signal Exit,474
Short,True,1.0,2026-05-04 20:00:00,4560.37,2026-05-06 08:00:00,4593.95,4621.8,-34.1,-35.43,32.53,48,Signal Exit,475
Short,False,1.0,2026-05-07 00:00:00,4687.33,2026-05-07 04:00:00,4692.35,4763.52,-5.24,-12.92,38.08,0,Signal Exit,476
Short,False,1.0,2026-05-07 20:00:00,4742.93,2026-05-08 08:00:00,4704.76,4804.27,37.8,-21.94,39.77,24,Signal Exit,477
Short,False,1.0,2026-05-08 16:00:00,4708.29,2026-05-08 20:00:00,4717.82,4775.11,-9.75,-19.5,37.45,0,Signal Exit,478
Short,False,1.0,2026-05-09 00:00:00,4707.31,2026-05-09 04:00:00,4724.18,4787.5,-17.09,-21.71,36.14,0,Signal Exit,479
Long,False,1.0,2026-05-11 20:00:00,4674.59,2026-05-12 12:00:00,4720.28,4672.68,44.97,-7.14,36.83,24,Signal Exit,480
Long,False,1.0,2026-05-12 20:00:00,4706.54,2026-05-13 00:00:00,4666.33,4648.94,-40.93,-68.37,39.9,24,Signal Exit,481
Long,False,1.0,2026-05-13 04:00:00,4715.46,2026-05-13 12:00:00,4696.16,4624.73,-19.52,-27.82,41.46,0,Signal Exit,482
Short,False,1.0,2026-05-15 08:00:00,4652.02,2026-05-22 04:00:00,4543.2,4610.26,107.55,-6.32,40.25,168,Signal Exit,483
Short,True,0.5,2026-05-18 04:00:00,4531.32,2026-05-22 04:00:00,4543.2,4610.26,-6.35,-28.8,40.25,96,Signal Exit,484
Short,False,1.0,2026-05-22 08:00:00,4535.58,2026-05-25 08:00:00,4567.4,4580.77,-32.49,-44.13,31.6,72,Signal Exit,485
Short,True,1.0999999999999999,2026-05-25 04:00:00,4542.04,2026-05-25 08:00:00,4567.4,4556.17,-28.14,-41.44,31.6,0,Signal Exit,486
Short,False,1.0,2026-05-25 12:00:00,4559.54,2026-05-25 16:00:00,4564.67,4611.8,-5.35,-6.35,30.08,0,Signal Exit,487
Short,False,1.0,2026-05-26 08:00:00,4559.88,2026-05-29 12:00:00,4501.15,4505.43,58.06,0.0,44.37,72,Signal Exit,488
Short,True,1.0999999999999999,2026-05-27 08:00:00,4519.21,2026-05-29 12:00:00,4501.15,4505.43,19.29,-7.38,44.37,48,Signal Exit,489
Short,False,1.0,2026-05-30 04:00:00,4545.28,2026-06-01 20:00:00,4505.84,4583.21,38.92,-3.9,36.78,48,Signal Exit,490
Short,False,1.0,2026-06-02 00:00:00,4474.23,2026-06-02 12:00:00,4499.16,4552.16,-25.15,-25.16,33.62,0,Signal Exit,491
Short,True,0.5,2026-06-02 08:00:00,4484.36,2026-06-02 12:00:00,4499.16,4527.25,-7.51,-7.52,33.62,0,Signal Exit,492
Short,False,1.0,2026-06-02 20:00:00,4527.65,2026-06-04 20:00:00,4511.58,4529.7,15.55,-6.56,33.83,48,Signal Exit,493
Short,True,0.5,2026-06-03 00:00:00,4502.37,2026-06-04 20:00:00,4511.58,4529.7,-4.79,-6.03,33.83,24,Signal Exit,494
Short,False,1.0,2026-06-05 00:00:00,4477.32,2026-06-12 04:00:00,4208.73,4182.26,264.16,-7.88,63.16,168,Stop Loss Exit,495
Short,True,0.5,2026-06-05 04:00:00,4480.72,2026-06-12 04:00:00,4208.73,4182.26,133.78,-0.5,63.16,168,Stop Loss Exit,496
Short,False,1.0,2026-06-12 08:00:00,4220.23,2026-06-15 04:00:00,4268.16,4306.36,-48.6,-15.47,52.15,72,Signal Exit,497
Short,False,1.0,2026-06-15 16:00:00,4322.64,2026-06-15 20:00:00,4335.18,4386.27,-12.76,-24.89,49.64,0,Signal Exit,498
Short,False,1.0,2026-06-16 04:00:00,4320.47,2026-06-16 12:00:00,4330.31,4399.78,-10.06,-12.76,39.85,0,Signal Exit,499
Short,False,1.0,2026-06-17 00:00:00,4335.37,2026-06-17 12:00:00,4332.01,4391.66,3.14,-14.38,33.15,0,Signal Exit,500
Short,False,1.0,2026-06-17 16:00:00,4325.17,2026-06-18 00:00:00,4363.6,4377.51,-38.8,-39.68,26.39,24,Signal Exit,501
Short,False,1.0,2026-06-18 04:00:00,4235.04,2026-06-18 08:00:00,4278.19,4418.33,-43.37,-48.84,36.49,0,Signal Exit,502
Short,False,1.0,2026-06-18 16:00:00,4288.53,2026-06-27 00:00:00,4091.02,4082.34,193.69,-4.44,45.06,216,Stop Loss Exit,503
Short,True,0.7000000000000001,2026-06-19 08:00:00,4188.38,2026-06-27 00:00:00,4091.02,4082.34,65.58,-22.82,45.06,192,Stop Loss Exit,504
Short,False,1.0,2026-06-27 04:00:00,4071.84,2026-06-29 04:00:00,4079.21,4139.6,-7.89,-10.04,38.77,48,Signal Exit,505
Short,False,1.0,2026-06-29 08:00:00,4062.85,2026-07-01 20:00:00,4030.59,4058.26,31.74,-12.86,39.12,48,Signal Exit,506
Short,True,1.0,2026-06-29 12:00:00,4069.09,2026-07-01 20:00:00,4030.59,4058.26,37.98,-0.11,39.12,48,Signal Exit,507
Short,False,1.0,2026-07-02 04:00:00,4038.92,2026-07-02 12:00:00,4070.22,4160.55,-31.52,-35.31,43.88,0,Signal Exit,508
Short,False,1.0,2026-07-02 16:00:00,4064.78,2026-07-02 20:00:00,4065.25,4124.61,-0.69,-15.34,41.27,0,Signal Exit,509
Short,False,1.0,2026-07-03 04:00:00,4120.99,2026-07-03 08:00:00,4126.0,4186.94,-5.23,-11.32,39.96,0,Signal Exit,510
Short,False,1.0,2026-07-04 00:00:00,4165.0,2026-07-06 04:00:00,4178.04,4229.73,-13.56,-11.53,39.32,48,Signal Exit,511
Short,False,1.0,2026-07-06 12:00:00,4165.12,2026-07-07 04:00:00,4163.66,4236.29,1.09,-2.28,33.12,24,Signal Exit,512
Short,False,1.0,2026-07-07 08:00:00,4157.32,2026-07-07 20:00:00,4157.06,4197.19,0.04,-5.54,26.86,0,Signal Exit,513
Short,False,1.0,2026-07-08 00:00:00,4139.24,2026-07-08 12:00:00,4123.57,4211.65,15.45,-8.99,32.23,0,Signal Exit,514
Short,False,1.0,2026-07-08 16:00:00,4120.95,2026-07-13 04:00:00,4097.61,4154.8,22.37,-17.36,27.05,120,Signal Exit,515
Short,True,0.5,2026-07-14 08:00:00,4001.87,2026-07-15 00:00:00,4066.08,4047.13,-33.17,-50.45,35.25,24,Pyramid Stop Loss,516
Short,False,1.0,2026-07-13 08:00:00,4085.05,2026-07-20 12:00:00,4024.22,4047.92,59.56,-17.72,31.95,168,Signal Exit,517
Short,True,0.5,2026-07-15 04:00:00,4055.84,2026-07-20 12:00:00,4024.22,4047.92,15.33,-12.76,31.95,120,Signal Exit,518
Short,False,1.0,2026-07-20 16:00:00,4017.31,2026-07-20 20:00:00,4025.3,4059.82,-8.21,-23.27,31.83,0,Signal Exit,519
Short,False,1.0,2026-07-21 00:00:00,4012.04,2026-07-21 12:00:00,4047.12,4072.82,-35.3,-38.92,28.89,0,Signal Exit,520
Short,True,0.6,2026-07-21 08:00:00,4010.11,2026-07-21 12:00:00,4047.12,4045.09,-22.34,-24.51,28.89,0,Signal Exit,521
Short,False,1.0,2026-07-21 20:00:00,4056.2,2026-07-22 00:00:00,4074.23,4112.4,-18.4,-27.11,29.82,24,Signal Exit,522
Short,False,1.0,2026-07-22 08:00:00,4080.83,2026-07-22 12:00:00,4130.9,4112.77,-51.79,-60.99,29.93,0,Stop Loss Exit,523
Short,False,1.0,2026-07-22 16:00:00,4111.45,2026-07-22 20:00:00,4122.77,4171.68,-11.54,-11.73,27.47,0,Signal Exit,524
Short,False,1.0,2026-07-23 04:00:00,4131.65,2026-07-23 08:00:00,4133.4,4196.55,-1.97,-6.3,29.95,0,Signal Exit,525
Short,False,1.0,2026-07-23 12:00:00,4124.85,2026-07-25 00:00:00,4077.56,4080.84,46.77,-5.58,28.71,48,Signal Exit,526
Short,False,1.0,2026-07-25 04:00:00,4053.49,2026-07-27 08:00:00,4094.37,4112.12,-41.4,-43.42,26.88,48,Signal Exit,527
Short,False,1.0,2026-07-27 12:00:00,4091.21,2026-07-27 20:00:00,4094.11,4143.57,-3.12,-14.74,25.4,0,Signal Exit,528
Short,False,1.0,2026-07-28 00:00:00,4078.64,2026-07-28 04:00:00,4083.54,4129.94,-5.12,-15.31,24.21,0,Signal Exit,529
Short,False,1.0,2026-07-28 08:00:00,4073.26,2026-07-30 08:00:00,4084.58,4070.82,-13.57,-43.02,34.6,48,Stop Loss Exit,530
Short,True,0.6,2026-07-28 12:00:00,4049.61,2026-07-30 08:00:00,4084.58,4070.82,-22.33,-40.0,34.6,48,Stop Loss Exit,531
Short,False,1.0,2026-07-30 12:00:00,4058.98,2026-07-30 20:00:00,4077.9,4129.89,-19.14,-23.96,38.04,0,Signal Exit,532
Short,False,1.0,2026-07-31 08:00:00,4105.81,2026-08-03 08:00:00,4074.79,4107.15,30.35,-1.04,31.42,72,Signal Exit,533
Short,False,1.0,2026-08-03 12:00:00,4065.2,2026-08-03 20:00:00,4062.31,4109.27,2.67,-6.82,27.06,0,Signal Exit,534
Short,False,1.0,2026-08-04 00:00:00,4036.23,2026-08-04 16:00:00,4065.36,4091.72,-29.35,-32.92,23.43,0,Signal Exit,535
Short,False,1.0,2026-08-05 04:00:00,4078.33,2026-08-05 12:00:00,4128.09,4132.26,-49.98,-58.32,29.92,0,Signal Exit,536
Long,False,1.0,2026-08-06 08:00:00,4278.26,2026-08-06 12:00:00,4265.63,4186.84,-12.85,-17.78,38.99,0,Signal Exit,537
Long,False,1.0,2026-08-06 20:00:00,4263.51,2026-08-07 00:00:00,4233.63,4207.07,-30.6,-34.07,42.2,24,Signal Exit,538
Long,False,1.0,2026-08-07 04:00:00,4248.7,2026-08-10 04:00:00,4348.43,4247.56,98.01,-19.11,34.82,72,Signal Exit,539
Long,False,1.0,2026-08-10 16:00:00,4355.4,2026-08-10 20:00:00,4335.13,4280.93,-20.49,-26.51,32.78,0,Signal Exit,540
Long,False,1.0,2026-08-11 00:00:00,4358.58,2026-08-11 16:00:00,4358.79,4351.28,-0.01,-8.35,36.33,0,Signal Exit,541
Long,False,1.0,2026-08-11 20:00:00,4387.92,2026-08-12 00:00:00,4383.92,4320.58,-4.72,-18.84,35.9,24,Signal Exit,542
Long,False,1.0,2026-08-12 08:00:00,4371.57,2026-08-13 04:00:00,4413.87,4349.04,41.58,-5.01,36.41,24,Signal Exit,543
Long,False,1.0,2026-08-13 08:00:00,4414.88,2026-08-13 12:00:00,4400.36,4361.91,-14.74,-16.22,34.94,0,Signal Exit,544
Long,False,1.0,2026-08-13 20:00:00,4387.62,2026-08-14 00:00:00,4365.24,4328.3,-23.1,-30.08,34.43,24,Signal Exit,545
Long,False,1.0,2026-08-15 00:00:00,4391.71,2026-08-15 04:00:00,4376.15,4307.36,-15.78,-20.87,34.8,0,Signal Exit,546
Long,False,1.0,2026-08-17 12:00:00,4396.99,2026-08-17 20:00:00,4396.72,4334.68,-0.49,-10.11,28.94,0,Signal Exit,547
Long,True,1.0,2026-08-17 16:00:00,4405.21,2026-08-17 20:00:00,4396.72,4337.39,-8.71,-13.38,28.94,0,Signal Exit,548
Long,False,1.0,2026-08-18 00:00:00,4427.64,2026-08-18 04:00:00,4419.81,4347.0,-8.05,-29.29,29.24,0,Signal Exit,549
Long,False,1.0,2026-08-18 08:00:00,4425.81,2026-08-18 12:00:00,4392.07,4370.05,-33.96,-35.17,30.33,0,Signal Exit,550
Long,False,1.0,2026-08-18 16:00:00,4395.99,2026-08-19 00:00:00,4365.04,4358.27,-31.67,-44.39,28.38,24,Signal Exit,551
Long,True,1.2,2026-08-18 20:00:00,4395.92,2026-08-19 00:00:00,4365.04,4359.78,-37.92,-53.18,28.38,24,Signal Exit,552
Long,False,1.0,2026-08-20 00:00:00,4494.16,2026-08-20 12:00:00,4498.98,4322.96,4.6,-22.01,37.5,0,Signal Exit,553
Long,True,1.0,2026-08-20 08:00:00,4511.41,2026-08-20 12:00:00,4498.98,4435.1,-12.65,-26.97,37.5,0,Signal Exit,554
Long,False,1.0,2026-08-21 00:00:00,4521.48,2026-08-21 08:00:00,4526.0,4408.46,4.3,-18.83,40.59,0,Signal Exit,555
Long,True,1.0,2026-08-21 04:00:00,4528.51,2026-08-21 08:00:00,4526.0,4407.27,-2.73,-11.86,40.59,0,Signal Exit,556
Long,False,1.0,2026-08-21 12:00:00,4535.76,2026-08-24 04:00:00,4623.47,4519.28,85.99,-6.38,35.61,72,Signal Exit,557
Long,False,1.0,2026-08-24 08:00:00,4624.29,2026-08-25 00:00:00,4650.28,4557.94,25.27,-29.34,38.5,24,Signal Exit,558
Long,True,1.0,2026-08-24 12:00:00,4641.5,2026-08-25 00:00:00,4650.28,4557.94,8.06,-12.72,38.5,24,Signal Exit,559
Long,False,1.0,2026-08-25 04:00:00,4651.84,2026-08-25 12:00:00,4633.79,4590.21,-18.27,-33.91,39.59,0,Signal Exit,560
Long,True,1.0,2026-08-25 08:00:00,4680.41,2026-08-25 12:00:00,4633.79,4590.21,-46.84,-62.48,39.59,0,Signal Exit,561
Long,False,1.0,2026-08-25 20:00:00,4642.87,2026-08-26 08:00:00,4654.95,4567.62,11.36,-37.51,37.58,24,Signal Exit,562
Long,True,1.0,2026-08-26 00:00:00,4652.94,2026-08-26 08:00:00,4654.95,4567.62,1.79,-18.85,37.58,0,Signal Exit,563
